PitchNo,Date,Time,Pitcher,PitcherId,PitcherThrows,PitcherTeam,PitcherSet,TaggedPitchType,PitchSession,Flag,RelSpeed,VertRelAngle,HorzRelAngle,SpinRate,SpinAxis,Tilt,RelHeight,RelSide,Extension,VertBreak,InducedVertBreak,HorzBreak,PlateLocHeight,PlateLocSide,ZoneSpeed,VertApprAngle,HorzApprAngle,ZoneTime,pfxx,pfxz,x0,y0,z0,vx0,vy0,vz0,ax0,ay0,az0,PlayID,CalibrationId,EffVelocity,PracticeType,Device,Direction,BatterId,Batter,HitSpinRate,HitType,ExitSpeed,BatterSide,Angle,PositionAt110X,PositionAt110Y,PositionAt110Z,Distance,LastTrackedDistance,HangTime,Bearing,ContactPositionX,ContactPositionY,ContactPositionZ,SpinAxis3dTransverseAngle,SpinAxis3dLongitudinalAngle,SpinAxis3dActiveSpinRate,SpinAxis3dSpinEfficiency,SpinAxis3dTilt
1,2025-08-29,11:11:52,"O'Malley, Robert",1000209283,Left,CRE_BLU,NA,Fastball,Live,NA,82.41842,-1.430634617,1.951855438,2045.190583,167.0433397,11:30:00,5.42198,-1.5536,5.48644,-23.56848,18.2762,-4.21317,2.11864,-0.07819,75.03535,-5.826638081,1.162989336,0.465577023,2.81591,10.1488,1.3856,50,5.28099,-3.94634,-119.75978,-3.74792,4.06748,24.29632,-17.51448,f86622d2-2e66-4208-b34f-7812c1f00354,9d609d6d-803b-4dc8-8f8a-7af221c95f53,80.95855,Pitching,23360087,NA,NA,NA,NA,NA,NA,NA,NA,NA,NA,NA,NA,NA,NA,NA,NA,NA,NA,160.2025488,-23.5776265,1874.456013,0.9165189925,11:15:00
2,2025-08-29,11:12:05,"O'Malley, Robert",1000209283,Left,CRE_BLU,NA,Fastball,Live,NA,83.48003,-2.127436267,2.529021494,2056.729684,170.4108302,11:45:00,5.55317,-1.7938,NA,-22.63818,20.76294,-3.51389,1.61174,0.35427,76.08015,-6.214903079,1.891666176,0.4741566444,2.47903,11.01813,1.50269,50,5.27944,-5.19757,-120.91655,-5.41826,3.66366,23.97061,-15.89077,992b21a3-0696-4176-9a7f-5f6f0fcc6aa4,9d609d6d-803b-4dc8-8f8a-7af221c95f53,NA,Pitching,23360087,NA,NA,NA,NA,NA,NA,NA,NA,NA,NA,NA,NA,NA,NA,NA,NA,NA,NA,151.2969718,-24.61154141,1869.880392,0.9091522369,11:00:00
3,2025-08-29,11:12:20,"O'Malley, Robert",1000209283,Left,CRE_BLU,NA,Fastball,Live,NA,83.76829,-1.857132523,1.840314323,2058.765223,172.345258,11:45:00,5.47127,-1.6471,5.49136,-22.86745,17.5247,-2.35951,1.82711,-0.12183,76.53681,-6.111941971,1.399223126,0.4574249755,1.7782,9.85055,1.48779,50,5.29354,-3.83438,-121.73356,-4.69536,2.66263,24.37478,-17.42414,64d788e0-35c2-43e9-9e86-51ec7f582123,9d609d6d-803b-4dc8-8f8a-7af221c95f53,82.40136,Pitching,23360087,NA,NA,NA,NA,NA,NA,NA,NA,NA,NA,NA,NA,NA,NA,NA,NA,NA,NA,151.4003264,-18.87698108,1948.035396,0.9462154182,11:00:00
4,2025-08-29,11:12:37,"O'Malley, Robert",1000209283,Left,CRE_BLU,NA,ChangeUp,Live,NA,77.17063,-0.8568203688,2.201580222,1550.586213,128.707337,10:15:00,4.97018,-1.9695,5.73396,-39.66841,7.05692,-8.85399,0.86605,-0.65644,71.49926,-8.21919896,0.5467480485,0.4919801785,5.30497,3.99779,1.79178,50,4.87445,-4.05897,-112.28762,-2.8355,6.82366,18.91064,-27.03178,6f9ab5c5-7a75-49a4-a824-7815b71ba068,9d609d6d-803b-4dc8-8f8a-7af221c95f53,76.61373,Pitching,23360087,NA,NA,NA,NA,NA,NA,NA,NA,NA,NA,NA,NA,NA,NA,NA,NA,NA,NA,NA,-23.7328051,1419.456711,0.9154323053,NA
5,2025-08-29,11:12:51,"O'Malley, Robert",1000209283,Left,CRE_BLU,NA,ChangeUp,Live,NA,76.77973,-1.239643208,2.304535667,1668.787645,132.1358835,10:30:00,4.96015,-2.12337,NA,-38.41133,11.17487,-12.39283,0.57703,-0.95933,70.89942,-8.216171029,0.03697475584,0.506817734,6.95126,6.04979,1.89332,50,4.79432,-4.05524,-111.4799,-3.75046,8.80134,18.89116,-24.51411,ca324f0c-f87d-4666-87f1-1f0cf546ed16,9d609d6d-803b-4dc8-8f8a-7af221c95f53,NA,Pitching,23360087,NA,NA,NA,NA,NA,NA,NA,NA,NA,NA,NA,NA,NA,NA,NA,NA,NA,NA,NA,-32.22221115,1411.771868,0.845986529,NA
6,2025-08-29,11:13:06,"O'Malley, Robert",1000209283,Left,CRE_BLU,NA,ChangeUp,Live,NA,76.32852,-1.210464944,2.947306937,1618.586928,127.7117385,10:15:00,4.82841,-1.93155,5.75955,-39.27626,8.65775,-11.24534,0.4272,-0.12332,70.49362,-8.509960954,0.8420703103,0.4983026969,6.81782,4.9665,1.69439,50,4.70427,-5.3917,-110.96109,-3.46952,8.53314,19.13327,-25.95802,d7929cc9-3a7f-49a2-817a-4bce351cd3df,9d609d6d-803b-4dc8-8f8a-7af221c95f53,75.64165,Pitching,23360087,NA,NA,NA,NA,NA,NA,NA,NA,NA,NA,NA,NA,NA,NA,NA,NA,NA,NA,NA,-25.84234944,1456.723104,0.89999683,NA
7,2025-08-29,11:13:25,"O'Malley, Robert",1000209283,Left,CRE_BLU,NA,Cutter,Live,NA,78.07562,1.282115981,2.801234043,2098.371347,192.948628,12:30:00,4.83956,-2.17357,NA,-42.47715,6.15986,1.42661,2.52724,0.62556,71.4061,-6.455991117,3.061730563,0.501943497,0.05621,2.78241,1.8691,50,4.93672,-5.59092,-113.21414,1.00716,0.07292,20.77757,-28.5648,1aa4854c-a972-4830-8516-bea8fe2ff6c7,9d609d6d-803b-4dc8-8f8a-7af221c95f53,NA,Pitching,23360087,NA,NA,NA,NA,NA,NA,NA,NA,NA,NA,NA,NA,NA,NA,NA,NA,NA,NA,165.1929345,-60.97414954,1018.138545,0.485204178,11:30:00
8,2025-08-29,11:13:42,"O'Malley, Robert",1000209283,Left,CRE_BLU,NA,Cutter,Live,NA,78.94511,0.6671598167,2.889558531,2072.396603,163.8701032,11:30:00,4.8935,-2.20505,5.74901,-38.2304,6.66338,-1.94055,2.32947,0.32523,72.50261,-6.469800195,2.526337076,0.4822414248,1.82997,3.39171,1.96649,50,4.92559,-5.73567,-114.76965,0.20852,2.44514,20.88962,-27.64216,315de7d0-05f7-4963-8e9a-f29722c25135,9d609d6d-803b-4dc8-8f8a-7af221c95f53,78.16093,Pitching,23360087,NA,NA,NA,NA,NA,NA,NA,NA,NA,NA,NA,NA,NA,NA,NA,NA,NA,NA,175.1561904,-55.2853386,1180.208899,0.569489883,11:45:00
9,2025-08-29,11:14:00,"O'Malley, Robert",1000209283,Left,CRE_BLU,NA,Cutter,Live,NA,76.91221,-0.02456594005,2.726643163,2125.949803,197.5135485,12:30:00,4.92625,-2.07441,NA,-42.67866,6.72255,2.13679,1.3463,0.6991,70.83995,-7.802548755,3.118056297,0.5058714499,-0.36365,3.46543,1.79081,50,4.88507,-5.39048,-111.64548,-1.51363,-0.46033,19.55545,-27.78739,1e0aba21-74f0-46c2-992b-846e6d3bfe16,9d609d6d-803b-4dc8-8f8a-7af221c95f53,NA,Pitching,23360087,NA,NA,NA,NA,NA,NA,NA,NA,NA,NA,NA,NA,NA,NA,NA,NA,NA,NA,185.3459783,-65.03882547,897.15936610000006,0.4220040213,12:15:00
10,2025-08-29,11:15:07,"O'Malley, Robert",1000209283,Left,CRE_BLU,NA,Curveball,Live,NA,68.78396,2.693362636,0.6662529284,2055.022432,295.4074325,03:45:00,4.91987,-2.07152,NA,-69.16104,-6.25681,13.06344,1.74115,-0.34401,63.55688,-9.807037201,3.045901296,0.5708359628,-6.43835,-3.90935,1.98417,50,5.14783,-1.58371,-99.76069,2.45062,-6.49749,15.83652,-36.11931,d766fe51-54d4-4f55-bd11-33f9b42dc19f,9d609d6d-803b-4dc8-8f8a-7af221c95f53,NA,Pitching,23360087,NA,NA,NA,NA,NA,NA,NA,NA,NA,NA,NA,NA,NA,NA,NA,NA,NA,NA,NA,NA,NA,NA,NA
11,2025-08-29,11:15:24,"O'Malley, Robert",1000209283,Left,CRE_BLU,NA,Curveball,Live,NA,68.78495,2.21290669,0.8476317808,2087.433545,285.7563091,03:30:00,5.00814,-2.10067,NA,-67.79505,-4.75337,16.68391,1.48241,0.10274,63.52939,-10.03430872,3.887319816,0.5714592743,-8.21832,-3.03109,1.98918,50,5.18457,-2.01723,-99.76853,1.6567,-8.27513,16.20102,-35.22609,32da45cb-4baa-4d36-a073-f2a38e576e69,9d609d6d-803b-4dc8-8f8a-7af221c95f53,NA,Pitching,23360087,NA,NA,NA,NA,NA,NA,NA,NA,NA,NA,NA,NA,NA,NA,NA,NA,NA,NA,307.3125683,-49.50295957,1355.597649,0.6494087693,04:15:00
12,2025-08-29,11:15:42,"O'Malley, Robert",1000209283,Left,CRE_BLU,NA,Curveball,Live,NA,65.61468,3.387615023,-0.5737220412,1978.88947,308.3638682,04:15:00,4.98163,-2.12059,4.87417,-79.02913,-11.14765,13.97731,1.60481,-1.49863,60.33041,-11.12671657,2.01955255,0.5929895768,-7.45817,-6.831,2.16544,50,5.24976,0.56293,-95.13958,3.42821,-6.78183,15.67389,-38.38559,d0329a5d-f2ca-4d66-a547-8f22898e29d4,9d609d6d-803b-4dc8-8f8a-7af221c95f53,63.56341,Pitching,23360087,NA,NA,NA,NA,NA,NA,NA,NA,NA,NA,NA,NA,NA,NA,NA,NA,NA,NA,NA,-43.00134967,1447.236347,0.7313376362,NA
13,2025-08-29,11:15:59,"O'Malley, Robert",1000209283,Left,CRE_BLU,NA,Fastball,Live,NA,83.62072,-2.900155471,3.028416105,2022.234943,152.8739567,11:00:00,5.22715,-1.6711,5.9144,-23.77315,16.08649,-8.24778,0.54879,0.45442,76.81151,-7.336654246,1.479138377,0.4543997466,5.27644,9.47186,1.43328,50,4.98101,-6.17419,-121.43643,-6.88243,7.89374,23.36762,-18.00383,412115a3-33de-4c95-ab55-2ab53de4b713,9d609d6d-803b-4dc8-8f8a-7af221c95f53,82.94996,Pitching,23360087,NA,NA,NA,NA,NA,NA,NA,NA,NA,NA,NA,NA,NA,NA,NA,NA,NA,NA,NA,-21.74494343,1878.337259,0.9288422524,NA
14,2025-08-29,11:16:14,"O'Malley, Robert",1000209283,Left,CRE_BLU,NA,Fastball,Live,NA,84.66153,-1.640353985,1.497989048,1978.872598,148.7703979,11:00:00,5.34681,-1.82301,NA,-26.12969,15.78668,-9.5881,1.59163,-1.18179,77.04959,-6.382870518,-0.251289009,0.4659757073,5.2793,8.45266,1.66345,50,5.13314,-2.8229,-122.74803,-4.57121,8.02028,25.26407,-19.33281,5f004d8e-a412-471c-9782-16caf1d79ab7,9d609d6d-803b-4dc8-8f8a-7af221c95f53,NA,Pitching,23360087,NA,NA,NA,NA,NA,NA,NA,NA,NA,NA,NA,NA,NA,NA,NA,NA,NA,NA,NA,-19.41956815,1866.292875,0.9431091604,NA
15,2025-08-29,11:16:51,"Curtin, Shane",1000180453,Left,CRE_BLU,NA,Fastball,Live,NA,87.78905,-2.250352857,1.940280983,2154.691564,134.5841027,10:30:00,4.98786,-0.45551,3.93585,-25.92726,13.15386,-13.35862,0.65898,0.29947,80.05044,-6.939993063,-0.4916896351,0.4499403158,7.2846,7.27057,0.24766,50,4.70172,-3.74522,-127.21074,-6.09706,11.90429,26.76218,-20.2927,36422ec2-7c04-4230-8161-a24ba21ecb86,9d609d6d-803b-4dc8-8f8a-7af221c95f53,83.77209,Pitching,23360087,NA,NA,NA,NA,NA,NA,NA,NA,NA,NA,NA,NA,NA,NA,NA,NA,NA,NA,NA,NA,NA,NA,NA
16,2025-08-29,11:17:09,"Curtin, Shane",1000180453,Left,CRE_BLU,NA,Fastball,Live,NA,87.13091,-2.088691235,1.649490536,2176.250949,134.3219491,10:30:00,4.93244,-0.39269,3.85087,-25.99777,13.69936,-14.04279,0.75081,0.02757,79.61536,-6.779862957,-0.9006089335,0.4534724583,7.51014,7.46077,0.21685,50,4.66101,-3.04123,-126.30136,-5.71136,12.12551,25.83587,-20.12824,0074c61c-2aa3-4337-9c1a-f8a9b8d482e6,9d609d6d-803b-4dc8-8f8a-7af221c95f53,83.11958,Pitching,23360087,NA,NA,NA,NA,NA,NA,NA,NA,NA,NA,NA,NA,NA,NA,NA,NA,NA,NA,NA,NA,NA,NA,NA
17,2025-08-29,11:17:27,"Curtin, Shane",1000180453,Left,CRE_BLU,NA,Fastball,Live,NA,87.69331,-2.011869227,0.8294776842,2132.162638,135.5141141,10:30:00,5.06153,-0.23897,3.71567,-26.35591,12.88206,-12.67226,0.92008,-0.49339,80.4165,-6.747030433,-1.462513794,0.4508423249,6.54929,6.97292,0.15539,50,4.79281,-1.29002,-127.17827,-5.61457,10.75811,25.36331,-20.72005,69ffc939-ae61-471d-b655-b9f6d1b6d42e,9d609d6d-803b-4dc8-8f8a-7af221c95f53,83.60448,Pitching,23360087,NA,NA,NA,NA,NA,NA,NA,NA,NA,NA,NA,NA,NA,NA,NA,NA,NA,NA,NA,NA,NA,NA,NA
18,2025-08-29,11:17:44,"Curtin, Shane",1000180453,Left,CRE_BLU,NA,ChangeUp,Live,NA,81.02375,-0.7737981911,1.370470346,1639.65111,102.9675096,09:30:00,4.64079,-0.8074,NA,-44.24965,4.28881,-18.77816,0.18547,-1.01252,74.433,-8.515575353,-1.942714983,0.5014346931,9.29031,2.24701,0.64039,50,4.4576,-1.93531,-117.27177,-3.6351,12.96666,21.71203,-29.03785,4fe039f5-bbd1-451e-b71e-12ab10030c7a,9d609d6d-803b-4dc8-8f8a-7af221c95f53,NA,Pitching,23360087,NA,NA,NA,NA,NA,NA,NA,NA,NA,NA,NA,NA,NA,NA,NA,NA,NA,NA,NA,-21.70577779,1523.392109,0.929095281,NA
19,2025-08-29,11:18:01,"Curtin, Shane",1000180453,Left,CRE_BLU,NA,ChangeUp,Live,NA,79.44346,-0.8999730788,2.89683616,1760.286214,110.8029748,09:45:00,4.65821,-1.02722,3.65433,-41.75157,6.4005,-16.93668,0.3071,0.36617,72.78661,-8.39953748,-0.167056871,0.4994348925,9.25789,3.44413,0.70067,50,4.50176,-5.15403,-115.08105,-3.46015,12.40542,21.51563,-27.55897,a631eebb-7ee0-4232-85e5-6912455ef6d6,9d609d6d-803b-4dc8-8f8a-7af221c95f53,75.47018,Pitching,23360087,NA,NA,NA,NA,NA,NA,NA,NA,NA,NA,NA,NA,NA,NA,NA,NA,NA,NA,113.1185294,-20.27489434,1651.220401,0.9380408636,09:45:00
20,2025-08-29,11:18:27,"Curtin, Shane",1000180453,Left,CRE_BLU,NA,ChangeUp,Live,NA,79.92296,-1.316762359,3.085886163,1678.215542,108.2195973,09:30:00,4.51901,-0.96893,3.633,NA,NA,NA,NA,NA,NA,NA,NA,NA,9.58947,3.2281,0.6194,50,4.31174,-5.54121,-115.74473,-4.3334,13.00863,21.60517,-27.79496,079ec4b1-4564-4496-b436-24a501e0ab99,9d609d6d-803b-4dc8-8f8a-7af221c95f53,NA,Pitching,23360087,NA,NA,NA,NA,NA,NA,NA,NA,NA,NA,NA,NA,NA,NA,NA,NA,NA,NA,NA,-21.84072254,1557.755992,0.9282216455,NA
21,2025-08-29,11:18:48,"Curtin, Shane",1000180453,Left,CRE_BLU,NA,Fastball,Live,NA,88.4453,-0.4770489585,0.7911493308,2155.831529,136.2780864,10:30:00,4.94517,-0.56567,4.07262,-22.56451,15.84654,-15.18477,2.60673,-1.07144,80.03691,-4.595273611,-1.987834455,0.4460663517,7.9371,8.17765,0.49271,50,4.86821,-1.13774,-128.27726,-2.00977,13.11425,28.61271,-18.66233,2c2b2445-5bc9-4682-af05-1409f7088ac8,9d609d6d-803b-4dc8-8f8a-7af221c95f53,84.49962,Pitching,23360087,NA,NA,NA,NA,NA,NA,NA,NA,NA,NA,NA,NA,NA,NA,NA,NA,NA,NA,NA,-32.58234349,1816.543285,0.8426183869,NA
22,2025-08-29,11:19:06,"Curtin, Shane",1000180453,Left,CRE_BLU,NA,Fastball,Live,NA,87.41584,-0.7635494673,1.866501928,2007.79893,136.4209811,10:30:00,4.86729,-0.40032,3.90282,-23.52651,16.02268,-15.27883,2.17098,0.12463,79.19434,-5.040750199,-0.9191047654,0.4526267296,8.25137,8.29833,0.20203,50,4.7537,-3.48573,-126.70724,-2.6803,13.32549,27.4904,-18.77272,cb7b6559-f4c8-4c67-aaf4-b7b1c6bdad72,9d609d6d-803b-4dc8-8f8a-7af221c95f53,83.27489,Pitching,23360087,NA,NA,NA,NA,NA,NA,NA,NA,NA,NA,NA,NA,NA,NA,NA,NA,NA,NA,NA,NA,NA,NA,NA
23,2025-08-29,11:19:27,"Curtin, Shane",1000180453,Left,CRE_BLU,NA,Slider,Live,NA,78.43504,1.374546379,0.6000510321,2409.549372,287.0423796,03:30:00,4.52944,-0.9665,3.42458,-52.21857,-2.34561,7.52062,1.51346,0.24313,71.65088,-8.000819121,1.957843082,0.5082811211,-3.55023,-1.55994,0.88312,50,4.6347,-1.49059,-113.66008,0.64303,-4.62516,21.63043,-34.2063,d1dc108b-695d-4d01-a548-b55c78f22339,9d609d6d-803b-4dc8-8f8a-7af221c95f53,74.15668,Pitching,23360087,NA,NA,NA,NA,NA,NA,NA,NA,NA,NA,NA,NA,NA,NA,NA,NA,NA,NA,319.8794398,-62.31645157,1119.447241,0.4645877999,04:45:00
24,2025-08-29,11:19:45,"Curtin, Shane",1000180453,Left,CRE_BLU,NA,Slider,Live,NA,77.88883,2.116475917,0.3244118561,2419.837563,305.6251942,04:15:00,4.41575,-0.93047,3.53394,-56.92477,-6.99731,9.70292,1.72491,0.19262,71.86949,-8.071972691,2.070402163,0.5085587649,-4.72449,-4.01911,0.87928,50,4.60416,-1.02311,-112.96781,1.92517,-6.14293,19.39022,-37.39983,c35bdfd8-13a2-4eeb-9705-24e9fc911f43,9d609d6d-803b-4dc8-8f8a-7af221c95f53,74.11619,Pitching,23360087,NA,NA,NA,NA,NA,NA,NA,NA,NA,NA,NA,NA,NA,NA,NA,NA,NA,NA,321.0094439,-61.46187772,1156.061386,0.4777433838,04:45:00
25,2025-08-29,11:20:04,"Curtin, Shane",1000180453,Left,CRE_BLU,NA,Slider,Live,NA,77.69675,-0.02564677054,1.292048325,2410.613043,303.0446685,04:00:00,4.3822,-0.98074,3.56403,NA,NA,NA,NA,NA,NA,NA,NA,NA,-4.14113,-2.93392,0.81349,50,4.31175,-2.89642,-112.7055,-2.25158,-5.34155,19.94472,-35.95845,abaa8b06-0406-4bbf-a3bd-c97713a29ca9,9d609d6d-803b-4dc8-8f8a-7af221c95f53,NA,Pitching,23360087,NA,NA,NA,NA,NA,NA,NA,NA,NA,NA,NA,NA,NA,NA,NA,NA,NA,NA,NA,-65.62299328,994.9538518,0.4127389316,NA
26,2025-08-29,11:20:27,"Curtin, Shane",1000180453,Left,CRE_BLU,NA,ChangeUp,Live,NA,80.06796,-1.224027943,3.151880369,1623.87624,97.02828957,09:15:00,4.41412,-0.95159,3.89438,NA,NA,NA,NA,NA,NA,NA,NA,NA,8.13253,1.21128,0.60396,50,4.22318,-5.82421,-116.05554,-4.23627,11.14647,20.71501,-30.51386,670fc26e-bc5b-4bdb-a0d0-2ea49e2aeb1c,9d609d6d-803b-4dc8-8f8a-7af221c95f53,NA,Pitching,23360087,NA,NA,NA,NA,NA,NA,NA,NA,NA,NA,NA,NA,NA,NA,NA,NA,NA,NA,NA,-23.54962852,1488.630638,0.9167143415,NA
27,2025-08-29,11:20:48,"Curtin, Shane",1000180453,Left,CRE_BLU,NA,Fastball,Live,NA,87.8602,0.9990798627,0.264683715,2040.957339,126.2811673,10:15:00,4.8545,-0.55963,3.63254,-27.97434,11.37493,-15.53998,3.4903,-1.59848,79.91076,-4.056101062,-2.547895574,0.4514812667,7.82102,5.38613,0.54616,50,4.9414,0.09233,-127.41048,0.99617,12.82958,26.68401,-23.33865,4ee08d7a-4d8c-4a2d-8328-4661bb496001,9d609d6d-803b-4dc8-8f8a-7af221c95f53,83.48616,Pitching,23360087,NA,NA,NA,NA,NA,NA,NA,NA,NA,NA,NA,NA,NA,NA,NA,NA,NA,NA,133.3073956,-19.41339823,1924.918625,0.9431449585,10:30:00
28,2025-08-29,11:21:08,"Curtin, Shane",1000180453,Left,CRE_BLU,NA,Fastball,Live,NA,88.6068,-0.9096159984,1.518978431,2100.997231,137.0286123,10:30:00,4.93314,-0.362,3.88903,-23.66113,14.7235,-13.74368,2.08476,-0.04374,80.56377,-5.201583306,-0.9821208985,0.4459129519,7.35047,7.66819,0.20181,50,4.8022,-2.81785,-128.49025,-3.05545,12.24775,27.445430000000002,-19.39689,e725d239-fd8a-46af-a0a8-8b29475fc587,9d609d6d-803b-4dc8-8f8a-7af221c95f53,84.52869,Pitching,23360087,NA,NA,NA,NA,NA,NA,NA,NA,NA,NA,NA,NA,NA,NA,NA,NA,NA,NA,NA,NA,NA,NA,NA
29,2025-08-29,11:36:29,"Goldenbaum, Matt",825108,Right,CRE_BLU,NA,Fastball,Live,NA,89.68875,NA,NA,2001.858704,NA,NA,5.37165,1.43145,5.23804,NA,NA,NA,2.60571,-0.19349,81.76711,NA,NA,0.4290840355,-6.87483,16.98126,-1.1866,50,5.13561,5.84649,-130.17932,-5.9253,-11.81581,26.92766,-2.98824,54c80199-c7a1-4be2-95c6-8cd1578f58b0,9d609d6d-803b-4dc8-8f8a-7af221c95f53,87.84396,Pitching,23360087,NA,NA,NA,NA,NA,NA,NA,NA,NA,NA,NA,NA,NA,NA,NA,NA,NA,NA,206.051709,26.69176865,1788.532493,0.8934359302,12:45:00
30,2025-08-29,11:36:42,"Goldenbaum, Matt",825108,Right,CRE_BLU,NA,Fastball,Live,NA,91.73555,-0.7084562602,-2.608644148,2193.176504,206.9614481,01:00:00,5.0951,1.18561,5.25948,-13.40568,20.39912,10.39793,3.31173,-0.4001,83.8921,-3.195997781,-0.6788380105,0.4184664014,-6.17376,10.93515,-0.95448,50,5.02047,5.6866,-133.31486,-2.14962,-11.15429,27.61036,-12.41721,d8c872bb-052b-49d3-afe4-44db903f0f92,9d609d6d-803b-4dc8-8f8a-7af221c95f53,90.0728,Pitching,23360087,NA,NA,NA,NA,NA,NA,NA,NA,NA,NA,NA,NA,NA,NA,NA,NA,NA,NA,NA,21.0835851,2046.357885,0.9330566335,NA
31,2025-08-29,11:37:02,"Goldenbaum, Matt",825108,Right,CRE_BLU,NA,Fastball,Live,NA,90.82825,-1.069487592,-2.930871442,2177.223909,203.6545056,12:45:00,5.04784,1.21801,5.39979,-13.49727,20.70001,9.08607,2.9196,-0.77325,83.41349,-3.574122742,-1.244501859,0.4208886087,-5.55388,11.2212,-0.96328,50,4.94313,6.43007,-132.0166,-2.95636,-9.8798,26.00282,-12.21266,1e9e76fa-3e5d-408e-bf2b-1d577e6e0445,9d609d6d-803b-4dc8-8f8a-7af221c95f53,89.55443,Pitching,23360087,NA,NA,NA,NA,NA,NA,NA,NA,NA,NA,NA,NA,NA,NA,NA,NA,NA,NA,NA,25.54092076,1964.460325,0.9022775823,NA
32,2025-08-29,11:37:22,"Goldenbaum, Matt",825108,Right,CRE_BLU,NA,ChangeUp,Live,NA,86.9749,-3.056706525,-2.790885099,980.4929922,249.5116479,02:15:00,5.06034,1.29671,5.13942,NA,NA,NA,NA,NA,NA,NA,NA,NA,-7.88938,3.48296,-1.04582,50,4.74892,5.66154,-126.19511,-7.92425,-12.78599,24.4782,-26.52937,73bb3793-9cc9-4c23-9c50-2305663d66c0,9d609d6d-803b-4dc8-8f8a-7af221c95f53,NA,Pitching,23360087,NA,NA,NA,NA,NA,NA,NA,NA,NA,NA,NA,NA,NA,NA,NA,NA,NA,NA,NA,10.73644583,963.3289675,0.9824944953,NA
33,2025-08-29,11:37:43,"Goldenbaum, Matt",825108,Right,CRE_BLU,NA,ChangeUp,Live,NA,86.17583,-0.7920194866,-2.311586392,991.3795134,248.5963503,02:15:00,4.89487,1.2413,5.19464,-33.95229,4.13432,10.62112,1.31995,-0.04886,79.94051,-7.030020913,-0.3505091062,0.4441785022,-6.12911,2.35977,-1.03517,50,4.79599,4.68109,-125.3351,-2.9433,-9.87326,22.31944,-28.37274,73363637-0d3f-4981-b076-463935d98781,9d609d6d-803b-4dc8-8f8a-7af221c95f53,84.85876,Pitching,23360087,NA,NA,NA,NA,NA,NA,NA,NA,NA,NA,NA,NA,NA,NA,NA,NA,NA,NA,NA,11.52677704,971.3847999,0.9798314235,NA
34,2025-08-29,11:38:03,"Goldenbaum, Matt",825108,Right,CRE_BLU,NA,ChangeUp,Live,NA,85.67201,0.4467963801,-2.047086744,1103.643139,233.2500592,01:45:00,4.90895,1.19889,5.46554,-29.7101,8.53464,11.48327,2.85149,0.23938,78.95694,-5.065487625,0.08783036991,0.445099637,-6.6031,4.41055,-1.02681,50,4.928,4.0666,-124.64458,-0.03291,-10.48098,22.95477,-25.17326,b22927a1-034a-4e4f-8ac4-101411c0f0c9,9d609d6d-803b-4dc8-8f8a-7af221c95f53,84.68315,Pitching,23360087,NA,NA,NA,NA,NA,NA,NA,NA,NA,NA,NA,NA,NA,NA,NA,NA,NA,NA,NA,24.2821797,1006.00518,0.911531223,NA
35,2025-08-29,11:38:29,"Goldenbaum, Matt",825108,Right,CRE_BLU,NA,Slider,Live,NA,79.903,NA,NA,2304.332999,NA,NA,4.87634,1.5233,4.47687,NA,NA,NA,1.86535,-1.37395,73.56615,-8.591408277,-4.389127048,0.4887583138,6.73179,-6.30554,-1.3203,50,5.01818,4.164,-115.93984,1.69131,9.15336,21.88799,-40.74783,626e8a2a-c667-425d-ae29-d730a95a3d7e,9d609d6d-803b-4dc8-8f8a-7af221c95f53,77.11877,Pitching,23360087,NA,NA,NA,NA,NA,NA,NA,NA,NA,NA,NA,NA,NA,NA,NA,NA,NA,NA,20.77979031,60.99282748,1117.415095,0.4849191049,06:45:00
36,2025-08-29,11:38:54,"Goldenbaum, Matt",825108,Right,CRE_BLU,NA,Slider,Live,NA,80.09856,NA,NA,2220.332756,NA,NA,4.74427,1.5238,4.7938,NA,NA,NA,1.27199,-1.43597,75.00375,-8.932402498,-4.602444394,0.481035534,7.65682,-6.33435,-1.33615,50,4.82446,4.1066,-116.47304,0.64327,10.67289,18.86014,-41.00355,6f29e050-73e7-4225-b29c-641ecbd8c208,9d609d6d-803b-4dc8-8f8a-7af221c95f53,78.35687,Pitching,23360087,NA,NA,NA,NA,NA,NA,NA,NA,NA,NA,NA,NA,NA,NA,NA,NA,NA,NA,17.36438943,65.88392264,907.19818540000006,0.4085865882,06:30:00
37,2025-08-29,11:39:26,"Goldenbaum, Matt",825108,Right,CRE_BLU,NA,Slider,Live,NA,80.52845,NA,NA,2169.584073,NA,NA,4.70593,1.49295,4.32363,NA,NA,NA,0.29796,-1.60548,74.70473,-9.915059643,-5.39979537,0.4856003047,11.22483,-5.87637,-1.3346,50,4.68764,3.42182,-116.92737,-1.40734,15.55241,21.88223,-40.31598,f245bfa0-ba91-4a63-b97f-3969e94d1adc,9d609d6d-803b-4dc8-8f8a-7af221c95f53,77.6203,Pitching,23360087,NA,NA,NA,NA,NA,NA,NA,NA,NA,NA,NA,NA,NA,NA,NA,NA,NA,NA,5.23713661,66.45808391,866.5749652,0.3994198593,06:15:00
38,2025-08-29,11:39:53,"Goldenbaum, Matt",825108,Right,CRE_BLU,NA,Fastball,Live,NA,90.12954,-2.259948444,-4.090060751,2140.529697,201.3090977,12:45:00,5.02044,1.21146,5.40429,-13.46243,21.24451,8.30365,1.77482,-1.93488,83.16678,-4.747919178,-2.555382553,0.4240133901,-5.37848,11.77312,-0.85297,50,4.80948,9.05482,-130.80677,-5.65964,-9.43674,24.32058,-11.51771,957b2e5f-01b0-4466-836d-1e0a8199cb56,9d609d6d-803b-4dc8-8f8a-7af221c95f53,88.89445,Pitching,23360087,NA,NA,NA,NA,NA,NA,NA,NA,NA,NA,NA,NA,NA,NA,NA,NA,NA,NA,191.2087506,20.11595762,2009.954179,0.938998502,12:15:00
39,2025-08-29,11:40:10,"Goldenbaum, Matt",825108,Right,CRE_BLU,NA,Fastball,Live,NA,90.90772,-0.09589414854,-3.257672292,2147.08807,202.7426646,12:45:00,5.08477,1.37065,5.41912,-13.17208,20.9592,8.81157,3.89714,-0.94947,83.38547,-2.542752162,-1.622210817,0.4204822389,-5.49896,11.1182,-1.08762,50,5.06714,7.20161,-132.11468,-0.69707,-9.79345,26.12799,-12.37294,0019420d-b484-4ded-b800-b2cc99f1df30,9d609d6d-803b-4dc8-8f8a-7af221c95f53,89.64098,Pitching,23360087,NA,NA,NA,NA,NA,NA,NA,NA,NA,NA,NA,NA,NA,NA,NA,NA,NA,NA,204.6371026,24.18515841,1958.630141,0.9122262699,12:45:00
40,2025-08-29,11:40:29,"Goldenbaum, Matt",825108,Right,CRE_BLU,NA,Curveball,Live,NA,78.01559,NA,NA,2466.451184,NA,NA,5.07429,1.41273,4.60528,NA,NA,NA,1.89287,0.32986,71.88121,-8.748108712,-1.64638381,0.4985881128,2.53292,-5.03171,-1.33842,50,5.19181,1.52072,-113.30757,1.26785,3.29667,20.48139,-38.72295,5299d84e-0376-4a58-ad9a-1f2b7d170790,9d609d6d-803b-4dc8-8f8a-7af221c95f53,75.59835,Pitching,23360087,NA,NA,NA,NA,NA,NA,NA,NA,NA,NA,NA,NA,NA,NA,NA,NA,NA,NA,28.64424232,52.36499952,1506.086716,0.6106290389,07:00:00
41,2025-08-29,11:41:44,"Goldenbaum, Matt",825108,Right,CRE_BLU,NA,Curveball,Live,NA,76.73727,2.779634976,-1.050984264,2243.918662,18.20654815,06:30:00,4.99821,1.33909,5.17809,-58.37561,-9.97445,-3.26508,2.75115,0.07813,70.87979,-7.98062087,-1.655731471,0.500725004,1.43961,-5.96351,-1.23904,50,5.21275,2.14857,-111.49575,3.56993,1.82275,18.95134,-39.72471,09e4e7bb-d8b9-482c-bf41-6b98d05339f4,7b8d37de-1c9d-4c97-9de0-897339c8c0a4,75.27573,Pitching,23360087,NA,NA,NA,NA,NA,NA,NA,NA,NA,NA,NA,NA,NA,NA,NA,NA,NA,NA,28.99147784,50.18220973,1436.88932,0.6403482197,07:00:00
42,2025-08-29,11:42:00,"Goldenbaum, Matt",825108,Right,CRE_BLU,NA,Curveball,Live,NA,78.20145,2.842837145,-1.04745952,2298.588558,24.28653712,06:45:00,5.05741,1.31343,4.98185,-64.46656,-17.17514,-7.72716,2.37214,-0.31965,71.91508,-9.021549117,-2.478514071,0.4949513864,3.73992,-9.77839,-1.2064,50,5.28008,2.32977,-113.51228,3.51566,4.8706,21.1373,-44.90872,f73b34b3-db71-4b34-bdfe-13993b0b44bf,7b8d37de-1c9d-4c97-9de0-897339c8c0a4,76.15382,Pitching,23360087,NA,NA,NA,NA,NA,NA,NA,NA,NA,NA,NA,NA,NA,NA,NA,NA,NA,NA,28.09333531,39.84967853,1764.691314,0.7677282252,07:00:00
43,2025-08-29,11:42:20,"Goldenbaum, Matt",825108,Right,CRE_BLU,NA,Fastball,Live,NA,93.06842,-3.11099913,-2.033079598,2205.026058,200.8280756,12:45:00,5.10201,1.17298,5.59493,-11.68653,20.6104,7.83859,1.21925,-0.07254,85.81378,-5.277904782,-0.5736344286,0.4090270448,-4.67746,11.74438,-1.00399,50,4.82772,4.51914,-135.25101,-7.77621,-8.75415,26.63162,-10.19371,83ac136a-827a-4c2e-9aab-17c4e07b63bc,7b8d37de-1c9d-4c97-9de0-897339c8c0a4,92.15146,Pitching,23360087,NA,NA,NA,NA,NA,NA,NA,NA,NA,NA,NA,NA,NA,NA,NA,NA,NA,NA,NA,18.68430055,2088.816978,0.9472980924,NA
44,2025-08-29,11:42:35,"Goldenbaum, Matt",825108,Right,CRE_BLU,NA,Fastball,Live,NA,93.55116,-0.4240510932,-3.512684544,2253.019548,204.1564995,12:45:00,5.01283,1.28719,5.62252,-12.29072,19.7319,8.87647,3.5922,-1.25471,85.75677,-2.7163025,-1.859031224,0.4072863084,-5.64392,10.63278,-0.99356,50,4.96879,8.02645,-135.9483,-1.44938,-10.63325,27.93529,-12.1417,2be80c19-2abd-4aae-8db3-200a422084b6,7b8d37de-1c9d-4c97-9de0-897339c8c0a4,92.54531,Pitching,23360087,NA,NA,NA,NA,NA,NA,NA,NA,NA,NA,NA,NA,NA,NA,NA,NA,NA,NA,201.235059,30.05002633,1950.187837,0.8655885116,12:45:00
45,2025-08-29,11:44:05,"Unga, Anthony",10151073,Right,CRE_BLU,NA,Fastball,Live,NA,88.90816,-1.680425912,-2.709511444,2302.040698,201.2335466,12:45:00,6.00864,1.39895,5.14468,-14.62806,21.84186,8.4997,3.20549,-0.44534,80.70192,-4.397042568,-1.128733554,0.4346491058,-5.26144,11.97657,-1.15197,50,5.84038,5.79695,-129.03671,-4.3229,-8.82743,28.08076,-12.08025,e6852dfa-6db0-4fc2-bb61-fa1e1859c9d4,7b8d37de-1c9d-4c97-9de0-897339c8c0a4,86.71924,Pitching,23360087,NA,NA,NA,NA,NA,NA,NA,NA,NA,NA,NA,NA,NA,NA,NA,NA,NA,NA,NA,15.15442891,2221.9866,0.9652247255,NA
46,2025-08-29,11:44:21,"Unga, Anthony",10151073,Right,CRE_BLU,NA,Fastball,Live,NA,87.77837,-1.90598468,-2.739766006,2296.212799,207.7990861,01:00:00,6.0657,1.39828,5.23127,-16.05194,21.20657,11.19413,2.93394,-0.24587,79.81619,-4.888255088,-0.6555771026,0.4393232081,-6.69334,11.73229,-1.1544,50,5.87847,5.69917,-127.40878,-4.81533,-10.962,27.07108,-12.95952,8228d5bf-13f5-4f76-9f37-e1839cacfa36,7b8d37de-1c9d-4c97-9de0-897339c8c0a4,85.7966,Pitching,23360087,NA,NA,NA,NA,NA,NA,NA,NA,NA,NA,NA,NA,NA,NA,NA,NA,NA,NA,NA,14.30836367,2224.98351,0.9689796657,NA
47,2025-08-29,11:44:42,"Unga, Anthony",10151073,Right,CRE_BLU,NA,Splitter,Live,NA,76.80004,-2.485760064,-2.4625982300000002,876.499704,211.4641442,01:00:00,6.05297,1.44146,4.8763,-35.3929,14.09182,8.6386,0.74822,-0.16988,70.20599,-8.978529558,-0.8618900264,0.5062989007,-5.23219,8.08133,-1.20675,50,5.77962,4.50724,-111.36464,-5.99527,-6.52849,21.20196,-22.09054,97c934aa-6b48-41e9-bb0c-ce15d4f1cc78,7b8d37de-1c9d-4c97-9de0-897339c8c0a4,74.44701,Pitching,23360087,NA,NA,NA,NA,NA,NA,NA,NA,NA,NA,NA,NA,NA,NA,NA,NA,NA,NA,NA,23.51870168,803.688761,0.9169298715,NA
48,2025-08-29,11:44:59,"Unga, Anthony",10151073,Right,CRE_BLU,NA,Splitter,Live,NA,76.98885,0.1429464351,-3.09182261,667.2747366,197.9570901,12:30:00,6.08666,1.50475,4.56002,-41.63872,8.03436,2.62122,2.753,-1.22182,70.36179,-7.475117582,-2.610258452,0.5072615681,-2.24192,4.09602,-1.18635,50,6.06372,5.94104,-111.65253,-1.14851,-2.81994,20.7746,-27.02197,dcd8559d-c19a-476c-9c54-b50af3bd7f96,7b8d37de-1c9d-4c97-9de0-897339c8c0a4,74.30573,Pitching,23360087,NA,NA,NA,NA,NA,NA,NA,NA,NA,NA,NA,NA,NA,NA,NA,NA,NA,NA,NA,13.92293442,647.6703684,0.970620245,NA
49,2025-08-29,11:45:16,"Unga, Anthony",10151073,Right,CRE_BLU,NA,Splitter,Live,NA,79.98993,-1.740777876,-2.786377702,1270.563407,234.4806197,01:45:00,5.99658,1.26058,5.07584,-37.40231,7.24323,10.18579,1.23645,-0.51907,74.11944,-8.587707104,-0.9066128262,0.4809062747,-6.03324,4.22943,-1.00458,50,5.80246,5.31387,-116.19286,-4.78842,-8.31702,20.06523,-26.34364,1397e84b-6099-4811-b086-6e51bb171f11,7b8d37de-1c9d-4c97-9de0-897339c8c0a4,78.37793,Pitching,23360087,NA,NA,NA,NA,NA,NA,NA,NA,NA,NA,NA,NA,NA,NA,NA,NA,NA,NA,NA,43.41713274,922.8981046,0.7263691837,NA
50,2025-08-29,11:45:33,"Unga, Anthony",10151073,Right,CRE_BLU,NA,Fastball,Live,NA,88.22918,-3.440303493,-2.822556518,2254.437971,205.8963103,12:45:00,5.9727,1.43528,5.25297,-14.93582,22.26031,10.80042,1.48808,-0.31861,79.73652,-6.218582446,-0.8035899099,0.4389552697,-6.5863,12.83842,-1.18444,50,5.64618,5.9205,-127.82474,-8.22149,-10.77599,29.08163,-11.16882,1653b879-b5bc-4c42-86a7-566f4f32221c,7b8d37de-1c9d-4c97-9de0-897339c8c0a4,85.86852,Pitching,23360087,NA,NA,NA,NA,NA,NA,NA,NA,NA,NA,NA,NA,NA,NA,NA,NA,NA,NA,NA,16.1203408,2165.79492,0.9606806431,NA
51,2025-08-29,11:45:49,"Unga, Anthony",10151073,Right,CRE_BLU,NA,Fastball,Live,NA,86.29788,-3.129000945,-3.170633564,2183.234498,208.7756414,01:00:00,6.06104,1.45998,5.36212,-16.44335,22.32582,12.25926,1.74962,-0.49421,77.89001,-6.197444883,-0.8734015656,0.4481409866,-7.50758,12.84057,-1.18395,50,5.76841,6.51025,-125.03537,-7.40365,-11.73502,28.18355,-12.10309,8f774a66-8b3a-4a72-8012-c8428702a662,7b8d37de-1c9d-4c97-9de0-897339c8c0a4,84.10844,Pitching,23360087,NA,NA,NA,NA,NA,NA,NA,NA,NA,NA,NA,NA,NA,NA,NA,NA,NA,NA,182.0233426,8.835504512,2157.326908,0.9881333909,12:00:00
52,2025-08-29,11:46:16,"Unga, Anthony",10151073,Right,CRE_BLU,NA,Curveball,Live,NA,76.80244,0.9101360065,-2.551437243,2476.5030620000002,79.46695587,08:45:00,6.15923,1.27779,4.80907,-52.70051,-3.12711,-16.67371,2.63057,-2.53011,70.4832,-8.744410622,-5.625032597,0.5067523251,7.9064,-1.89841,-1.01029,50,6.20555,5.51528,-111.43101,0.03403,9.86871,21.3831,-34.54363,32dcb68b-103c-441e-8250-5fc00af1ef09,7b8d37de-1c9d-4c97-9de0-897339c8c0a4,74.3804,Pitching,23360087,NA,NA,NA,NA,NA,NA,NA,NA,NA,NA,NA,NA,NA,NA,NA,NA,NA,NA,NA,NA,NA,NA,NA
53,2025-08-29,11:46:41,"Unga, Anthony",10151073,Right,CRE_BLU,NA,Curveball,Live,NA,75.41141,-1.231357443,-1.731589226,2470.698125,66.20165175,08:15:00,6.27806,1.33416,4.64745,-58.19873,-6.81112,-15.32779,0.25759,-1.58878,70.19791,-11.74698164,-4.545846005,0.5159417086,7.42617,-3.17041,-1.14369,50,6.10069,3.8205,-109.49176,-4.29266,9.0083,19.46695,-36.0199,f7f4927d-c636-48a3-909f-4f973bfa9d7a,7b8d37de-1c9d-4c97-9de0-897339c8c0a4,73.05562,Pitching,23360087,NA,NA,NA,NA,NA,NA,NA,NA,NA,NA,NA,NA,NA,NA,NA,NA,NA,NA,NA,NA,NA,NA,NA
54,2025-08-29,11:46:57,"Unga, Anthony",10151073,Right,CRE_BLU,NA,Curveball,Live,NA,74.9141,0.4876288929,-0.4353359294,2527.473623,60.77057595,08:00:00,6.20912,1.59027,4.60654,-61.49502,-8.8529,-15.74456,1.54819,-0.13569,68.66433,-10.7510464,-3.346500725,0.5222014551,8.00308,-4.72975,-1.53152,50,6.20465,1.34486,-108.7212,-1.10089,9.46138,21.24774,-37.76565,b204fe04-f497-42e8-849e-59a1fec69a87,7b8d37de-1c9d-4c97-9de0-897339c8c0a4,72.17988,Pitching,23360087,NA,NA,NA,NA,NA,NA,NA,NA,NA,NA,NA,NA,NA,NA,NA,NA,NA,NA,NA,NA,NA,NA,NA
55,2025-08-29,11:47:20,"Unga, Anthony",10151073,Right,CRE_BLU,NA,Fastball,Live,NA,89.17319,-1.813565555,-0.9353834856,2216.0845,205.1628031,12:45:00,5.96924,1.4863,5.43644,-13.97353,21.92164,10.30593,3.10596,1.46926,80.78241,-4.424931395,0.9967734358,0.4312105713,-5.76324,12.205870000000001,-1.41064,50,5.79946,1.75612,-129.56804,-4.59031,-9.71442,29.20744,-11.60002,6c7df0d9-f6a2-413a-a00f-3b1b162545ec,7b8d37de-1c9d-4c97-9de0-897339c8c0a4,87.41075,Pitching,23360087,NA,NA,NA,NA,NA,NA,NA,NA,NA,NA,NA,NA,NA,NA,NA,NA,NA,NA,NA,22.55717125,2046.547877,0.9234972209,NA
56,2025-08-29,11:47:36,"Unga, Anthony",10151073,Right,CRE_BLU,NA,Splitter,Live,NA,78.38556,-2.239514515,-2.742000944,857.1080202,219.0745797,01:15:00,6.10835,1.51427,4.83239,-37.92916,9.01809,7.3456,0.82362,-0.4718,72.71811,-9.139236483,-1.392604081,0.4931470989,-4.50305,5.24278,-1.24908,50,5.85455,5.20032,-113.79293,-5.74414,-5.95459,19.21931,-25.24127,895c52ed-691b-4f10-a2fa-eac45c6631ff,7b8d37de-1c9d-4c97-9de0-897339c8c0a4,76.43245,Pitching,23360087,NA,NA,NA,NA,NA,NA,NA,NA,NA,NA,NA,NA,NA,NA,NA,NA,NA,NA,NA,14.00609006,831.6262044,0.9702700065,NA
57,2025-08-29,11:47:51,"Unga, Anthony",10151073,Right,CRE_BLU,NA,Curveball,Live,NA,76.16014,-0.5814522442,-0.3810939843,2489.946858,51.50777216,07:45:00,6.20004,1.40083,4.11615,-62.29014,-10.30837,-12.90702,0.45136,-0.04035,69.85335,-11.84116442,-2.750490467,0.5189158662,6.44174,-5.05644,-1.34519,50,6.07159,1.1935500000000001,-110.41532,-3.3364,7.84089,22.23363,-38.32876,816b3144-e4b6-4fe5-bf84-e98ac84a1172,7b8d37de-1c9d-4c97-9de0-897339c8c0a4,72.6369,Pitching,23360087,NA,NA,NA,NA,NA,NA,NA,NA,NA,NA,NA,NA,NA,NA,NA,NA,NA,NA,33.81185918,53.27041465,1489.085512,0.5980390736,07:15:00
58,2025-08-29,11:48:06,"Unga, Anthony",10151073,Right,CRE_BLU,NA,Fastball,Live,NA,88.17774,-3.768755696,-1.634648093,2272.263355,204.1053669,12:45:00,6.09303,1.45017,5.49658,-12.91501,23.89316,10.67659,1.48555,0.81068,79.85514,-6.17720422,0.3701349962,0.4366601173,-6.19181,13.89235,-1.3145,50,5.75484,3.2858,-127.875,-8.86651,-10.15305,28.75631,-9.394,993d8a77-909e-4e76-810e-9459c28a217e,7b8d37de-1c9d-4c97-9de0-897339c8c0a4,86.31986,Pitching,23360087,NA,NA,NA,NA,NA,NA,NA,NA,NA,NA,NA,NA,NA,NA,NA,NA,NA,NA,NA,22.86349973,2093.73869,0.92143311,NA
59,2025-08-29,11:54:20,"Magers, Wilson",10326334,Right,CRE_BLU,NA,Fastball,Live,NA,90.78263,-0.9989325384,-1.947935322,2125.662524,226.331141,01:30:00,5.35906,1.27299,4.50368,-20.07091,15.51203,16.278,2.73429,0.77323,82.92408,-4.671880621,1.038544196,0.4293310726,-8.88746,8.23476,-1.08418,50,5.23587,3.81635,-131.80067,-3.12104,-15.6575,27.60737,-17.66644,9c57f004-6548-41e8-9b49-0c2baf34ae0c,7b8d37de-1c9d-4c97-9de0-897339c8c0a4,87.79341,Pitching,23360087,NA,NA,NA,NA,NA,NA,NA,NA,NA,NA,NA,NA,NA,NA,NA,NA,NA,NA,222.3444005,26.39092873,1904.130536,0.8957821452,01:30:00
60,2025-08-29,11:54:40,"Magers, Wilson",10326334,Right,CRE_BLU,NA,Fastball,Live,NA,90.93568,-3.288794126,-3.282347109,2174.593346,227.9360593,01:30:00,5.38236,1.26872,4.5918,-22.30815,13.08075,14.47492,0.38701,-0.65008,83.60001,-7.348485955,-0.6309853561,0.4281588663,-8.30255,7.5887,-0.94307,50,5.02217,6.9687,-131.75238,-8.48861,-14.67829,26.47457,-18.75778,4e92408f-d4a8-4a97-8c0c-83e295b97271,7b8d37de-1c9d-4c97-9de0-897339c8c0a4,88.03377,Pitching,23360087,NA,NA,NA,NA,NA,NA,NA,NA,NA,NA,NA,NA,NA,NA,NA,NA,NA,NA,234.3005779,22.31448658,2011.7462,0.9251137477,01:45:00
61,2025-08-29,11:54:59,"Magers, Wilson",10326334,Right,CRE_BLU,NA,Fastball,Live,NA,91.43542,-2.914271857,-2.350496304,2208.622732,212.7841849,01:00:00,5.29923,1.32001,4.44144,-17.84501,17.33414,11.16316,1.02819,0.0074400000000000004,83.78727,-6.16257462,-0.3079179881,0.426888121,-6.33958,9.64894,-1.08193,50,4.97373,4.97766,-132.57865,-7.49712,-11.32909,27.27426,-14.931,986fac82-018f-46e4-83fb-f2979efa0f35,7b8d37de-1c9d-4c97-9de0-897339c8c0a4,88.29583,Pitching,23360087,NA,NA,NA,NA,NA,NA,NA,NA,NA,NA,NA,NA,NA,NA,NA,NA,NA,NA,NA,27.81958804,1953.353379,0.8844214772,NA
62,2025-08-29,11:55:19,"Magers, Wilson",10326334,Right,CRE_BLU,NA,Cutter,Live,NA,86.51412,NA,NA,2484.179628,NA,NA,5.38177,1.6119,4.39582,NA,NA,NA,1.30333,-0.59888,79.02665,NA,NA,0.452492318,-5.09817,7.98609,-1.2959,50,5.13572,6.32813,-125.39008,-5.55169,-8.11163,25.50169,-19.46749,133d7ae7-9706-4626-af9d-e552e7c19a06,7b8d37de-1c9d-4c97-9de0-897339c8c0a4,83.29962,Pitching,23360087,NA,NA,NA,NA,NA,NA,NA,NA,NA,NA,NA,NA,NA,NA,NA,NA,NA,NA,NA,NA,NA,NA,NA
63,2025-08-29,11:55:39,"Magers, Wilson",10326334,Right,CRE_BLU,NA,Cutter,Live,NA,85.57888,NA,NA,2394.125,NA,NA,5.05888,1.56115,4.54561,NA,NA,NA,0.91543,-0.872,79.84421,-8.003136587,-3.018762425,0.4521790125,2.0174,0.37047,-1.33565,50,4.92662,4.80794,-124.39996,-3.52772,3.21142,21.25187,-31.58432,f3a6ca29-4e4f-4e04-92d0-7bf722cebbb8,7b8d37de-1c9d-4c97-9de0-897339c8c0a4,83.35734,Pitching,23360087,NA,NA,NA,NA,NA,NA,NA,NA,NA,NA,NA,NA,NA,NA,NA,NA,NA,NA,NA,NA,NA,NA,NA
64,2025-08-29,11:56:21,"Magers, Wilson",10326334,Right,CRE_BLU,NA,Cutter,Live,NA,85.41016,NA,NA,2437.048409,NA,NA,5.06172,1.87881,4.45441,NA,NA,NA,2.7548,1.51338,79.65106,-6.243129987,-0.1463648366,0.4526573213,-1.41406,-0.90207,-1.81761,50,5.14394,1.20863,-124.26104,0.88265,-2.2562,20.12063,-33.61334,874d34d6-26c5-42f8-b694-266e0dd104fe,7b8d37de-1c9d-4c97-9de0-897339c8c0a4,83.26926,Pitching,23360087,NA,NA,NA,NA,NA,NA,NA,NA,NA,NA,NA,NA,NA,NA,NA,NA,NA,NA,NA,NA,NA,NA,NA
65,2025-08-29,11:56:41,"Magers, Wilson",10326334,Right,CRE_BLU,NA,Sinker,Live,NA,92.24306,-0.8141291645,-1.939720875,2084.926453,227.6348613,01:30:00,5.28166,1.24883,4.52105,-20.95289,13.39344,14.71622,2.75982,0.62734,84.49228,-4.644847732,0.7570754527,0.4218048249,-8.06599,7.08879,-1.05998,50,5.17731,3.92482,-133.96701,-2.77657,-14.72443,27.72464,-19.2335,95402115-d45d-41f8-9504-d1482908a19d,7b8d37de-1c9d-4c97-9de0-897339c8c0a4,89.3599,Pitching,23360087,NA,NA,NA,NA,NA,NA,NA,NA,NA,NA,NA,NA,NA,NA,NA,NA,NA,NA,NA,29.88950233,1807.606355,0.8669880667,NA
66,2025-08-29,11:56:59,"Magers, Wilson",10326334,Right,CRE_BLU,NA,Sinker,Live,NA,91.71352,-2.990576944,-3.510004211,2119.988438,228.5682431,01:30:00,5.27069,1.32821,4.69888,-21.25342,13.33413,15.09347,0.65311,-0.74975,84.39496,-6.867245305,-0.7433055058,0.4232834317,-8.68727,7.64755,-0.98571,50,4.94847,7.5436,-132.92857,-7.81651,-15.66281,26.45281,-18.3858,1f8efdb0-20de-44e9-bd17-ab3bfa5de005,7b8d37de-1c9d-4c97-9de0-897339c8c0a4,89.04775,Pitching,23360087,NA,NA,NA,NA,NA,NA,NA,NA,NA,NA,NA,NA,NA,NA,NA,NA,NA,NA,NA,33.10430572,1775.866987,0.8376776752,NA
67,2025-08-29,11:57:17,"Magers, Wilson",10326334,Right,CRE_BLU,NA,Sinker,Live,NA,91.84691,-2.319890968,-2.856829742,2135.570134,233.9565626,01:45:00,5.22677,1.40674,4.36215,-22.31573,12.46075,17.12303,1.14756,0.103,84.66992,-6.365824041,0.2623345327,0.4244379088,-9.4385,6.92929,-1.11717,50,4.95615,5.92269,-133.24092,-6.35119,-17.13679,25.95322,-19.59305,9d479b7f-67d9-4bdd-9858-34067df37fb7,7b8d37de-1c9d-4c97-9de0-897339c8c0a4,88.80554,Pitching,23360087,NA,NA,NA,NA,NA,NA,NA,NA,NA,NA,NA,NA,NA,NA,NA,NA,NA,NA,NA,23.79290145,1954.067296,0.9150096573,NA
68,2025-08-29,11:57:36,"Magers, Wilson",10326334,Right,CRE_BLU,NA,ChangeUp,Live,NA,81.34281,NA,NA,1610.233632,NA,NA,4.72382,1.78375,4.89012,NA,NA,NA,0.83217,0.03617,75.58779,-7.496974517,-0.9385716921,0.4731786298,-5.5735,4.03972,-1.52872,50,4.6006,5.20806,-118.23093,-3.23068,-8.00049,19.56077,-26.37523,af1c17b4-de79-411b-b3b6-9da1208435de,7b8d37de-1c9d-4c97-9de0-897339c8c0a4,79.65795,Pitching,23360087,NA,NA,NA,NA,NA,NA,NA,NA,NA,NA,NA,NA,NA,NA,NA,NA,NA,NA,NA,32.20016022,1362.566296,0.846191676,NA
69,2025-08-29,11:57:53,"Magers, Wilson",10326334,Right,CRE_BLU,NA,ChangeUp,Live,NA,81.02339,-1.411410175,-2.886622543,1801.703997,227.4351813,01:30:00,4.83741,1.81134,4.63466,-31.98472,12.04607,13.15107,0.8288,0.16182,75.16583,-7.222470241,-0.4846558943,0.4775838614,-7.44825,6.52826,-1.52749,50,4.66396,5.45711,-117.68273,-4.06308,-10.58981,19.43724,-22.89226,aeb11ea5-1cc3-472f-8816-2e079cc8ca39,7b8d37de-1c9d-4c97-9de0-897339c8c0a4,78.92318,Pitching,23360087,NA,NA,NA,NA,NA,NA,NA,NA,NA,NA,NA,NA,NA,NA,NA,NA,NA,NA,NA,21.40665335,1677.410634,0.9310134391,NA
70,2025-08-29,11:58:10,"Magers, Wilson",10326334,Right,CRE_BLU,NA,ChangeUp,Live,NA,80.8932,-0.5830035362,-3.097362231,1695.364493,225.084087,01:30:00,4.74178,1.64882,4.8751,-33.02308,11.18645,11.26597,1.43745,-0.34558,74.20309,-6.649671717,-1.020300393,0.4785522262,-6.69501,5.97305,-1.35384,50,4.65715,5.96341,-117.42934,-2.34254,-9.37289,21.69455,-23.811889999999998,0c845421-66cd-4e6c-868a-c927a83612d2,7b8d37de-1c9d-4c97-9de0-897339c8c0a4,78.76348,Pitching,23360087,NA,NA,NA,NA,NA,NA,NA,NA,NA,NA,NA,NA,NA,NA,NA,NA,NA,NA,NA,24.22823851,1546.033352,0.9119179728,NA
71,2025-08-29,11:58:34,"Magers, Wilson",10326334,Right,CRE_BLU,NA,Cutter,Live,NA,83.96791,NA,NA,2334.213765,NA,NA,4.87153,1.7908,4.54225,NA,NA,NA,2.3216,1.60227,77.50314,-6.518352103,-0.2926981922,0.4620582969,0.48042,0.13557,-1.77832,50,4.9245,0.27464,-122.06548,0.31374,0.73111,22.08284,-31.96773,c8d8705e-407d-4fd2-866e-e706db6bc944,7b8d37de-1c9d-4c97-9de0-897339c8c0a4,81.57507,Pitching,23360087,NA,NA,NA,NA,NA,NA,NA,NA,NA,NA,NA,NA,NA,NA,NA,NA,NA,NA,NA,NA,NA,NA,NA
72,2025-08-29,11:58:52,"Magers, Wilson",10326334,Right,CRE_BLU,NA,Cutter,Live,NA,84.98801,-0.3843169624,-1.318906431,2413.967274,147.4478367,11:00:00,5.22407,1.55848,4.30803,-33.50334,7.11799,-4.56696,2.06463,-0.08318,78.41568,-6.459641537,-2.150635901,0.4587208123,1.98804,3.71974,-1.41145,50,5.14949,3.02344,-123.48005,-2.1528,3.09456,22.70273,-26.38394,2c26a185-9a88-43e7-b3f0-63b7b84a335f,7b8d37de-1c9d-4c97-9de0-897339c8c0a4,82.16858,Pitching,23360087,NA,NA,NA,NA,NA,NA,NA,NA,NA,NA,NA,NA,NA,NA,NA,NA,NA,NA,NA,83.54391995,271.4302471,0.1124415604,NA
73,2025-08-29,11:59:20,"Magers, Wilson",10326334,Right,CRE_BLU,NA,Curveball,Live,NA,81.92685,0.250827358,-1.445720782,2418.478844,41.80740256,07:30:00,5.08114,1.3431,4.57899,-54.87855,-11.38701,-10.15551,0.74661,-0.87874,75.89731,-9.718061575,-3.307625579,0.4746503051,4.83323,-5.92606,-1.18449,50,5.05731,3.37567,-119.0158,-1.48878,6.95005,22.29859,-40.69555,41447807-684f-4f6d-9ba8-474e19f6d03a,7b8d37de-1c9d-4c97-9de0-897339c8c0a4,79.41097,Pitching,23360087,NA,NA,NA,NA,NA,NA,NA,NA,NA,NA,NA,NA,NA,NA,NA,NA,NA,NA,NA,NA,NA,NA,NA
74,2025-08-29,11:59:37,"Magers, Wilson",10326334,Right,CRE_BLU,NA,Curveball,Live,NA,81.4491,-0.4481515589,-0.6764094496,2455.997203,42.81693215,07:30:00,5.08854,1.49249,4.25091,NA,NA,NA,NA,NA,NA,NA,NA,NA,6.43298,-7.04076,-1.40577,50,4.9812,1.88892,-118.25742,-3.14963,9.10681,22.62002,-42.14126,2bd65b36-4d55-4c79-879f-ff6e961c80a6,7b8d37de-1c9d-4c97-9de0-897339c8c0a4,NA,Pitching,23360087,NA,NA,NA,NA,NA,NA,NA,NA,NA,NA,NA,NA,NA,NA,NA,NA,NA,NA,NA,47.39728593,1662.491123,0.6769108374,NA
75,2025-08-29,11:59:59,"Magers, Wilson",10326334,Right,CRE_BLU,NA,Fastball,Live,NA,94.0336,-0.7620305717,-2.941372494,2245.367407,217.1909999,01:15:00,5.37317,1.09959,4.86595,-14.50649,18.31491,13.92791,3.44223,-0.52547,85.55342,-3.441170714,-0.3686294491,0.4123347389,-8.06888,9.73975,-0.82169,50,5.28615,6.4516,-136.47909,-2.40191,-15.20743,30.24854,-13.81751,6515e854-1edf-4b14-a389-8f370650a416,7b8d37de-1c9d-4c97-9de0-897339c8c0a4,91.41223,Pitching,23360087,NA,NA,NA,NA,NA,NA,NA,NA,NA,NA,NA,NA,NA,NA,NA,NA,NA,NA,207.1465098,23.5215385,2058.800082,0.9169101127,01:00:00
76,2025-08-29,12:01:02,"Gould, Brian",1000303379,Right,CRE_BLU,NA,Sinker,Live,NA,91.57156,NA,NA,2260.745596,NA,NA,4.9094,2.29099,4.84178,NA,NA,NA,1.54712,0.68822,83.0795,NA,NA,0.4247995539,-10.15367,10.65097,-1.98475,50,4.68125,6.83713,-132.73273,-5.66016,-18.02616,29.69957,-13.26501,9496eaf7-b51f-40d4-be29-89455a562e88,7b8d37de-1c9d-4c97-9de0-897339c8c0a4,88.72994,Pitching,23360087,NA,NA,NA,NA,NA,NA,NA,NA,NA,NA,NA,NA,NA,NA,NA,NA,NA,NA,NA,27.03020588,2013.797709,0.8907670602,NA
77,2025-08-29,12:01:17,"Gould, Brian",1000303379,Right,CRE_BLU,NA,Sinker,Live,NA,91.36136,NA,NA,2222.497806,NA,NA,4.69734,1.97232,5.28392,NA,NA,NA,1.9303,0.207,83.062970000000007,NA,NA,0.4217902974,-10.80176,7.7661,-1.66485,50,4.57828,7.47512,-132.57106,-3.40027,-19.15704,29.2556,-18.40077,01aa9914-66ba-45f3-af76-88f8262f248f,7b8d37de-1c9d-4c97-9de0-897339c8c0a4,89.36298,Pitching,23360087,NA,NA,NA,NA,NA,NA,NA,NA,NA,NA,NA,NA,NA,NA,NA,NA,NA,NA,NA,NA,NA,NA,NA
78,2025-08-29,12:01:32,"Gould, Brian",1000303379,Right,CRE_BLU,NA,Sinker,Live,NA,91.85852,-0.3455600537,-1.491155264,2283.409973,245.0354349,02:15:00,4.55578,2.29013,5.07315,-25.85409,7.88637,16.99988,2.07542,2.30086,84.70917,-5.104184994,1.647218236,0.4180679598,-9.25866,4.20817,-2.16216,50,4.50288,2.82256,-133.61517,-1.80326,-16.89443,26.26706,-24.49533,d404dc5c-3114-463e-b00e-9f4b0b0f537d,7b8d37de-1c9d-4c97-9de0-897339c8c0a4,90.15864,Pitching,23360087,NA,NA,NA,NA,NA,NA,NA,NA,NA,NA,NA,NA,NA,NA,NA,NA,NA,NA,NA,24.87103246,2071.639146,0.9072567652,NA
79,2025-08-29,12:01:50,"Gould, Brian",1000303379,Right,CRE_BLU,NA,ChangeUp,Live,NA,83.49881,NA,NA,1596.153949,NA,NA,4.37129,2.27951,5.13238,NA,NA,NA,NA,NA,NA,NA,NA,NA,-12.40879,0.79918,-2.13253,50,4.22121,2.92827,-121.38751,-4.09057,-18.62192,22.4732,-30.97472,baaf8019-d7a9-405c-843b-4902ab9423b0,7b8d37de-1c9d-4c97-9de0-897339c8c0a4,NA,Pitching,23360087,NA,NA,NA,NA,NA,NA,NA,NA,NA,NA,NA,NA,NA,NA,NA,NA,NA,NA,NA,21.80247359,1481.980727,0.9284697932,NA
80,2025-08-29,12:02:08,"Gould, Brian",1000303379,Right,CRE_BLU,NA,ChangeUp,Live,NA,83.03444,NA,NA,1618.063045,NA,NA,4.30073,2.39255,5.06108,NA,NA,NA,0.21941,2.25728,77.3759,-8.097820672,1.958796778,0.4617594427,-11.94855,0.81275,-2.21203,50,4.19373,3.62327,-120.77799,-3.0799,-17.90224,20.36595,-30.95633,786798c9-9c7f-4b1a-883c-5edd3e136444,7b8d37de-1c9d-4c97-9de0-897339c8c0a4,81.62787,Pitching,23360087,NA,NA,NA,NA,NA,NA,NA,NA,NA,NA,NA,NA,NA,NA,NA,NA,NA,NA,NA,20.86713204,1511.932615,0.9344089648,NA
81,2025-08-29,12:02:28,"Gould, Brian",1000303379,Right,CRE_BLU,NA,ChangeUp,Live,NA,83.29859,NA,NA,1648.265547,NA,NA,4.36962,2.0825,5.05339,NA,NA,NA,2.12478,0.6662,76.65558,-6.019321479,-0.356847012,0.4621020418,-6.86347,1.45498,-1.84935,50,4.43243,4.97416,-121.04104,0.7297,-10.25119,22.1306,-30.00091,01f42bd6-03c8-464d-85a7-bfa659226ca8,7b8d37de-1c9d-4c97-9de0-897339c8c0a4,81.56735,Pitching,23360087,NA,NA,NA,NA,NA,NA,NA,NA,NA,NA,NA,NA,NA,NA,NA,NA,NA,NA,NA,31.64201994,1403.238381,0.851342421,NA
82,2025-08-29,12:03:24,"Gould, Brian",1000303379,Right,CRE_BLU,NA,Fastball,Live,NA,88.53273,NA,NA,2135.683483,NA,NA,4.67608,2.10734,5.05668,NA,NA,NA,1.14148,0.70786,81.815,-6.598165958,-0.4698156674,0.4341044676,-6.11086,3.63873,-1.8861,50,4.54785,5.03428,-128.6885,-3.59208,-10.34959,24.21573,-26.01135,2427fc69-a384-482a-9507-333f5f3c36cd,a6d1eccd-f9a8-48e0-94a3-12c602c33a88,86.82804,Pitching,23360087,NA,NA,NA,NA,NA,NA,NA,NA,NA,NA,NA,NA,NA,NA,NA,NA,NA,NA,199.2891806,35.42346517,1740.348152,0.814890486,12:45:00
83,2025-08-29,12:03:37,"Gould, Brian",1000303379,Right,CRE_BLU,NA,Fastball,Live,NA,88.26509,NA,NA,2244.201806,NA,NA,5.0406,1.67093,4.97559,NA,NA,NA,3.48005,1.03962,80.89012,-3.24656592,-0.4438125052,0.4365461214,-1.4437,10.59176,-1.58854,50,5.00892,1.87105,-128.36031,-1.04786,-2.42206,25.18587,-14.40443,c03770fe-692c-4ffe-8e23-c3a2f264045f,a6d1eccd-f9a8-48e0-94a3-12c602c33a88,86.3424,Pitching,23360087,NA,NA,NA,NA,NA,NA,NA,NA,NA,NA,NA,NA,NA,NA,NA,NA,NA,NA,210.2054267,38.78916675,1749.2575200000001,0.7794564267,01:00:00
84,2025-08-29,12:04:01,"Gould, Brian",1000303379,Right,CRE_BLU,NA,Cutter,Live,NA,84.32882,NA,NA,2288.431249,NA,NA,4.78076,1.97251,4.7243,NA,NA,NA,1.39127,0.54544,77.34012,NA,NA,0.4599223999,-3.36738,8.63631,-1.77712,50,4.61911,4.04216,-122.47287,-3.89017,-5.13224,23.40668,-19.01139,cfcbbe32-f9b4-4b4b-a8f4-d5eb97f4ccd1,a6d1eccd-f9a8-48e0-94a3-12c602c33a88,81.95391,Pitching,23360087,NA,NA,NA,NA,NA,NA,NA,NA,NA,NA,NA,NA,NA,NA,NA,NA,NA,NA,176.7684578,66.41362778,915.6724323,0.4001310647,12:00:00
85,2025-08-29,12:05:13,"Gould, Brian",1000303379,Right,CRE_BLU,NA,Cutter,Live,NA,82.89637,-0.1827623322,-2.301535939,2344.906406,173.3431302,11:45:00,4.62992,2.33092,4.86364,-28.17284,13.72644,-1.6074,2.1091,0.01787,76.27929,-5.351367655,-2.597086874,0.4658806882,0.23905,7.17219,-2.1031,50,4.58846,4.89897,-120.46175,-1.39229,0.35364,21.91197,-21.5637,059de250-c1d5-476a-b8e5-bc6f926bfecf,a6d1eccd-f9a8-48e0-94a3-12c602c33a88,80.90578,Pitching,23360087,NA,NA,NA,NA,NA,NA,NA,NA,NA,NA,NA,NA,NA,NA,NA,NA,NA,NA,NA,NA,NA,NA,NA
86,2025-08-29,12:05:35,"Gould, Brian",1000303379,Right,CRE_BLU,NA,Sinker,Live,NA,90.32949,-0.6205233983,-1.742412659,2286.694008,234.8213726,01:45:00,4.63275,2.17597,5.21962,-23.49949,11.34313,16.13285,2.09083,1.88186,82.93407,-4.967068162,1.250006549,0.4248413429,-8.94343,6.12886,-2.02731,50,4.55817,3.39947,-131.3528,-2.29189,-15.70374,26.51157,-21.41241,0b2e6b6e-35e1-4f04-89e4-5bc8e3e3ef92,a6d1eccd-f9a8-48e0-94a3-12c602c33a88,88.72121,Pitching,23360087,NA,NA,NA,NA,NA,NA,NA,NA,NA,NA,NA,NA,NA,NA,NA,NA,NA,NA,NA,NA,NA,NA,NA
87,2025-08-29,12:05:51,"Gould, Brian",1000303379,Right,CRE_BLU,NA,Slider,Live,NA,76.80206,1.339284034,-0.1569167556,2468.993769,97.14862793,09:15:00,4.34072,2.20245,4.79527,-46.93947,1.99552,-16.22367,1.69829,0.70181,70.92412,-7.251130875,-3.140211847,0.50347878,8.36209,0.68327,-2.17304,50,4.43414,0.84833,-111.64413,1.04035,10.61473,19.02091,-31.30672,cb783506-2cec-4f3c-8c55-7ebc76a20ac4,a6d1eccd-f9a8-48e0-94a3-12c602c33a88,74.86401,Pitching,23360087,NA,NA,NA,NA,NA,NA,NA,NA,NA,NA,NA,NA,NA,NA,NA,NA,NA,NA,NA,NA,NA,NA,NA
88,2025-08-29,12:06:07,"Gould, Brian",1000303379,Right,CRE_BLU,NA,Slider,Live,NA,77.38449,0.3134091696,0.253055783,2523.673684,99.66061098,09:15:00,4.38223,2.24061,4.5777,-45.89755,2.73567,-16.31135,0.85559,1.12206,71.48043,-8.045669681,-2.737792525,0.5019239463,8.45387,1.32353,-2.25194,50,4.37293,0.06877,-112.47031,-0.97605,10.87732,19.53858,-30.4711,5b68f944-a407-47a9-8f3f-fefb1f1820c5,a6d1eccd-f9a8-48e0-94a3-12c602c33a88,75.09592,Pitching,23360087,NA,NA,NA,NA,NA,NA,NA,NA,NA,NA,NA,NA,NA,NA,NA,NA,NA,NA,107.8113357,59.38142348,1285.358642,0.5093204599,09:30:00
89,2025-08-29,12:06:41,"Gould, Brian",1000303379,Right,CRE_BLU,NA,Slider,Live,NA,75.1072,1.599230491,-0.4866471503,2534.294757,96.47507677,09:15:00,4.47026,2.04389,5.00321,-49.12618,2.13647,-19.15429,1.8863,-0.01163,68.78157,-7.46308346,-4.037392782,0.5153139846,9.87933,0.65107,-1.9821,50,4.58494,1.52946,-109.10477,1.50031,11.85151,20.05282,-31.39301,0dbb3bd8-4c87-495f-bc9f-36850488a983,a6d1eccd-f9a8-48e0-94a3-12c602c33a88,73.14461,Pitching,23360087,NA,NA,NA,NA,NA,NA,NA,NA,NA,NA,NA,NA,NA,NA,NA,NA,NA,NA,73.78730854,44.76282618,1799.419624,0.7100277578,08:30:00
90,2025-08-29,12:07:01,"Gould, Brian",1000303379,Right,CRE_BLU,NA,ChangeUp,Live,NA,83.38725,-0.4703049649,-1.638089031,1746.580454,244.0530651,02:15:00,4.34622,2.1158,5.25807,-33.09277,7.81198,16.12303,1.14649,1.92014,76.62447,-6.590477569,1.358044404,0.4603183398,-8.93837,4.24345,-1.97768,50,4.27907,2.92167,-121.25219,-2.11613,-13.34267,23.11146,-25.83967,fb31422a-2012-44a9-ad32-7cb25af4de60,a6d1eccd-f9a8-48e0-94a3-12c602c33a88,81.88342,Pitching,23360087,NA,NA,NA,NA,NA,NA,NA,NA,NA,NA,NA,NA,NA,NA,NA,NA,NA,NA,218.9932275,41.06876901,1316.784739,0.7539216048,01:15:00
91,2025-08-29,12:07:19,"Gould, Brian",1000303379,Right,CRE_BLU,NA,Sinker,Live,NA,90.49146,-0.4270385541,-2.927500165,2149.602264,230.165438,01:45:00,4.564,1.99941,5.4647,-22.75933,11.63108,13.98881,2.26723,0.4232,83.13115,-4.654548674,-0.3256395723,0.4220754231,-8.1747,6.27801,-1.75148,50,4.51095,6.22832,-131.54815,-1.79349,-14.42274,26.11449,-21.09767,d8aa7e59-d465-4c84-b44a-bbc565efa066,a6d1eccd-f9a8-48e0-94a3-12c602c33a88,89.30261,Pitching,23360087,NA,NA,NA,NA,NA,NA,NA,NA,NA,NA,NA,NA,NA,NA,NA,NA,NA,NA,207.9294379,39.04187369,1669.565609,0.7766858254,01:00:00
92,2025-08-29,12:09:16,"Ruhl, Jakob",1000463708,Right,CRE_BLU,NA,Sinker,Live,NA,84.64496,0.5909751986,-5.521138787,2140.352387,245.512569,02:15:00,4.04451,3.30094,5.78269,-30.95015,8.47381,18.80429,2.01767,-0.28403,76.94787,-5.211268177,-1.999847318,0.4519095546,-11.69341,4.38581,-2.85634,50,4.07484,11.26369,-122.61013,0.30283,-17.75075,24.87547,-25.51632,4fdcce9f-1281-4922-8827-e8908a3defc3,a6d1eccd-f9a8-48e0-94a3-12c602c33a88,83.40704,Pitching,23360087,NA,NA,NA,NA,NA,NA,NA,NA,NA,NA,NA,NA,NA,NA,NA,NA,NA,NA,NA,21.83049502,1986.863521,0.9282880391,NA
93,2025-08-29,12:09:39,"Ruhl, Jakob",1000463708,Right,CRE_BLU,NA,Sinker,Live,NA,83.57432,0.8073221481,-5.111430943,2118.035513,248.299603,02:15:00,3.97963,3.31493,5.81337,-33.607,6.77789,17.2376,1.93267,-0.01341,75.97105,-5.49911187,-1.877789984,0.4573838731,-10.76337,3.41434,-2.90603,50,4.02604,10.30583,-121.13039,0.68211,-15.92803,24.5401,-27.12139,51348c89-eedb-4512-ad21-174713f69f39,a6d1eccd-f9a8-48e0-94a3-12c602c33a88,82.40876,Pitching,23360087,NA,NA,NA,NA,NA,NA,NA,NA,NA,NA,NA,NA,NA,NA,NA,NA,NA,NA,239.2116411,29.24460885,1848.074899,0.8725419792,02:00:00
94,2025-08-29,12:09:55,"Ruhl, Jakob",1000463708,Right,CRE_BLU,NA,ChangeUp,Live,NA,78.04245,-1.401197579,-6.275794056,1653.136415,243.2208395,02:00:00,3.88143,3.33753,5.53991,NA,NA,NA,NA,NA,NA,NA,NA,NA,-12.26534,5.6634,-2.8051,50,3.73506,11.81816,-112.82428,-3.8885,-15.77337,20.96769,-24.89084,321d4006-4e3c-4ea9-8cd8-5b635c4bd566,a6d1eccd-f9a8-48e0-94a3-12c602c33a88,NA,Pitching,23360087,NA,NA,NA,NA,NA,NA,NA,NA,NA,NA,NA,NA,NA,NA,NA,NA,NA,NA,NA,NA,NA,NA,NA
95,2025-08-29,12:10:12,"Ruhl, Jakob",1000463708,Right,CRE_BLU,NA,ChangeUp,Live,NA,79.9714,-0.6476127417,-6.878240657,1653.012907,230.2771213,01:45:00,3.95774,3.32731,5.81628,-30.67655,14.06661,17.06842,0.79491,-1.67566,72.0815,-6.415886671,-3.67718821,0.4814317955,-11.390930000000001,7.79619,-2.77249,50,3.88644,13.43289,-115.46672,-2.20542,-15.17978,24.092,-21.78469,bea44f7a-758d-4f3c-b3fe-a71ec77bc5d0,a6d1eccd-f9a8-48e0-94a3-12c602c33a88,78.29238,Pitching,23360087,NA,NA,NA,NA,NA,NA,NA,NA,NA,NA,NA,NA,NA,NA,NA,NA,NA,NA,NA,22.42551562,1528.005855,0.9243762393,NA
96,2025-08-29,12:10:29,"Ruhl, Jakob",1000463708,Right,CRE_BLU,NA,ChangeUp,Live,NA,79.86869,-0.05273406674,-6.039613921,1628.086996,223.4517073,01:30:00,3.93692,3.47221,5.8504,-29.37745,15.00781,14.33115,1.43954,-0.96561,72.42338,-5.569340752,-3.353968358,0.4795024266,-9.52851,8.11098,-2.98875,50,3.91553,11.81209,-115.57532,-0.96005,-12.80498,22.8404,-21.27403,4ddf2602-31bd-45c8-a1ff-533b42d9aaeb,a6d1eccd-f9a8-48e0-94a3-12c602c33a88,78.6074,Pitching,23360087,NA,NA,NA,NA,NA,NA,NA,NA,NA,NA,NA,NA,NA,NA,NA,NA,NA,NA,NA,12.49894643,1589.501312,0.9762999869,NA
97,2025-08-29,12:10:51,"Ruhl, Jakob",1000463708,Right,CRE_BLU,NA,Fastball,Live,NA,84.60732,0.965232743,-4.977346952,2017.530476,227.385441,01:30:00,4.20271,2.94159,5.97415,-25.93979,13.24233,14.50479,2.93922,-0.47486,76.70939,-3.924111464,-2.247546172,0.450521296,-9.31573,6.88879,-2.55558,50,4.26485,10.24585,-122.67137,1.29195,-14.12354,25.41112,-21.72998,8801aa5b-4e27-40f3-b2ad-514b171c31b3,a6d1eccd-f9a8-48e0-94a3-12c602c33a88,83.66406,Pitching,23360087,NA,NA,NA,NA,NA,NA,NA,NA,NA,NA,NA,NA,NA,NA,NA,NA,NA,NA,NA,23.9231393,1844.20496,0.9140902614,NA
98,2025-08-29,12:11:10,"Ruhl, Jakob",1000463708,Right,CRE_BLU,NA,Fastball,Live,NA,86.1293,1.370879034,-5.294821546,1973.571065,215.284134,01:15:00,4.25137,3.0582,6.08943,-20.91602,16.80055,11.97713,3.78196,-0.85485,77.93584,-2.580348467,-3.037910511,0.4420154675,-8.0820900000000009,8.73284,-2.65589,50,4.34629,11.20774,-124.81469,2.37177,-12.67403,26.51129,-18.47953,ba95d678-89d3-46de-a171-52864446be51,a6d1eccd-f9a8-48e0-94a3-12c602c33a88,85.27403,Pitching,23360087,NA,NA,NA,NA,NA,NA,NA,NA,NA,NA,NA,NA,NA,NA,NA,NA,NA,NA,222.0890603,22.53507326,1822.879248,0.9236451021,01:30:00
99,2025-08-29,12:11:45,"Ruhl, Jakob",1000463708,Right,CRE_BLU,NA,Fastball,Live,NA,85.31449,0.4093783707,-5.999518067,2051.148356,234.0492876,01:45:00,4.06136,3.21707,5.94383,-25.86739,12.83907,17.86376,2.28752,-0.87888,77.29523,-4.460607108,-2.645404105,0.4477783918,-11.42731,6.82587,-2.7484,50,4.07957,12.43294,-123.49251,0.09719,-17.55669,25.76466,-21.68691,20b6e5b1-33d6-48a4-a313-5171a2a6565f,a6d1eccd-f9a8-48e0-94a3-12c602c33a88,84.17655,Pitching,23360087,NA,NA,NA,NA,NA,NA,NA,NA,NA,NA,NA,NA,NA,NA,NA,NA,NA,NA,221.8819917,22.38338747,1896.607626,0.9246564836,01:30:00
100,2025-08-29,12:12:31,"Ruhl, Jakob",1000463708,Right,CRE_BLU,NA,ChangeUp,Live,NA,74.86613,0.6033731178,-5.406550879,1274.313262,234.4525681,01:45:00,3.9217,3.35673,6.37491,-40.7205,8.40406,11.88752,1.08588,-0.64101,68.57576,-7.08158189,-3.161424974,0.5044530051,-8.04291,4.44363,-2.97202,50,3.94622,9.98211,-108.58481,0.13915,-9.59629,19.13054,-26.87219,58ba48ce-bc12-40b3-9e49-079e76f760b6,a6d1eccd-f9a8-48e0-94a3-12c602c33a88,74.71943,Pitching,23360087,NA,NA,NA,NA,NA,NA,NA,NA,NA,NA,NA,NA,NA,NA,NA,NA,NA,NA,NA,7.697557158,1262.830312,0.9909889114,NA
101,2025-08-29,12:13:01,"Ruhl, Jakob",1000463708,Right,CRE_BLU,NA,Fastball,Live,NA,84.30535,-0.8911654052,-3.60454609,2046.496576,231.5569494,01:45:00,4.21565,3.17026,5.63331,-26.23206,13.86861,17.52395,1.1966,1.26362,76.18008,-5.817466103,-0.30612511,0.4557715747,-10.52211,7.71279,-2.87479,50,4.12332,7.14898,-122.32504,-2.74004,-15.75101,26.84354,-20.62844,51e1b409-5267-4535-8ef7-de504014ba4e,a6d1eccd-f9a8-48e0-94a3-12c602c33a88,82.70028,Pitching,23360087,NA,NA,NA,NA,NA,NA,NA,NA,NA,NA,NA,NA,NA,NA,NA,NA,NA,NA,NA,0.10615739020000001,2046.493063,0.9999982836,NA
102,2025-08-29,12:15:26,"Pineau, Jack",1000124146,Right,CRE_BLU,NA,Fastball,Live,NA,93.38862,-3.170852777,-2.916576,2267.151804,222.706761,01:30:00,5.24531,1.07003,4.49657,-15.54236,18.235,16.80906,0.92224,-0.31023,85.29151,-6.008144346,0.1654224861,0.4182965396,-9.42397,10.22656,-0.77984,50,4.89794,6.18619,-135.29764,-8.15866,-17.49427,29.10986,-13.18988,c3acea75-a2b4-4823-b1a8-763bf648d62a,a6d1eccd-f9a8-48e0-94a3-12c602c33a88,90.10937,Pitching,23360087,NA,NA,NA,NA,NA,NA,NA,NA,NA,NA,NA,NA,NA,NA,NA,NA,NA,NA,197.3613004,23.38056546,2080.994346,0.9178892841,12:30:00
103,2025-08-29,12:15:58,"Pineau, Jack",1000124146,Right,CRE_BLU,NA,Fastball,Live,NA,93.44004,-1.049157082,-1.720447098,2194.025672,226.4062648,01:30:00,5.22421,0.97524,4.51526,-17.76177,15.95708,16.78485,2.74432,0.73498,84.92277,-4.308871383,1.367498233,0.4179340756,-9.125,8.50618,-0.81095,50,5.09825,3.3703,-135.61638,-3.22877,-16.9354,30.61404,-16.38714,608bbe3c-41e1-42ce-9853-50cfb6269484,a6d1eccd-f9a8-48e0-94a3-12c602c33a88,90.18752,Pitching,23360087,NA,NA,NA,NA,NA,NA,NA,NA,NA,NA,NA,NA,NA,NA,NA,NA,NA,NA,211.3619781,19.60158791,2066.877838,0.9420481556,01:00:00
104,2025-08-29,12:16:15,"Pineau, Jack",1000124146,Right,CRE_BLU,NA,Fastball,Live,NA,93.64616,-1.957289989,-1.871732906,2196.911843,223.712939,01:30:00,5.23689,0.98595,4.56444,-16.53771,16.95964,16.2229,1.99464,0.55624,85.26509,-4.989180566,1.113198576,0.4165590619,-8.88317,9.28706,-0.80674,50,5.01897,3.76311,-135.87566,-5.33634,-16.57334,30.33467,-14.84717,6029759b-5712-4562-951b-80faefb00192,a6d1eccd-f9a8-48e0-94a3-12c602c33a88,90.48522,Pitching,23360087,NA,NA,NA,NA,NA,NA,NA,NA,NA,NA,NA,NA,NA,NA,NA,NA,NA,NA,NA,20.51382414,2057.600533,0.9365876651,NA
105,2025-08-29,12:16:39,"Pineau, Jack",1000124146,Right,CRE_BLU,NA,ChangeUp,Live,NA,84.7292,-2.796558512,-4.054179778,1798.715251,239.6798783,02:00:00,5.16,1.16671,4.3621,-29.18392,12.02257,20.52211,0.04835,-1.0015,77.86552,-8.086516222,-0.3094198113,0.4620130511,-11.55007,6.87966,-0.75164,50,4.83124,7.89532,-122.65254,-7.14108,-17.6721,23.25758,-21.64788,b192f7ca-0567-4995-9fbf-dd46232cd4bd,a6d1eccd-f9a8-48e0-94a3-12c602c33a88,81.58306,Pitching,23360087,NA,NA,NA,NA,NA,NA,NA,NA,NA,NA,NA,NA,NA,NA,NA,NA,NA,NA,NA,22.23115771,1665.007711,0.9256649764,NA
106,2025-08-29,12:16:54,"Pineau, Jack",1000124146,Right,CRE_BLU,NA,ChangeUp,Live,NA,84.33512,-1.300882538,-2.039420095,1726.653908,239.3141867,02:00:00,5.05066,1.19632,4.33344,-30.47508,11.25111,18.99963,1.26702,0.83005,76.89643,-6.858703658,1.445681531,0.464917383,-10.29896,6.12593,-0.9952,50,4.88103,3.62136,-122.32541,-3.95789,-15.5419,25.04229,-22.92956,c13b00e4-3208-4ad0-9042-fee8c409b51f,a6d1eccd-f9a8-48e0-94a3-12c602c33a88,81.07341,Pitching,23360087,NA,NA,NA,NA,NA,NA,NA,NA,NA,NA,NA,NA,NA,NA,NA,NA,NA,NA,NA,25.24760453,1561.711804,0.904472979,NA
107,2025-08-29,12:17:09,"Pineau, Jack",1000124146,Right,CRE_BLU,NA,ChangeUp,Live,NA,84.41037,-1.747186116,-3.442269107,1778.398433,240.7227393,02:00:00,5.06033,1.19933,4.40597,-30.21405,11.32675,20.22564,0.87166,-0.40403,77.12587,-7.25467293,0.2640525292,0.4638833806,-11.32174,6.29001,-0.85209,50,4.84539,6.58076,-122.31236,-4.89766,-17.13163,24.38077,-22.65624,400f30d1-06c8-4092-915b-7a23e151c95c,a6d1eccd-f9a8-48e0-94a3-12c602c33a88,81.25413,Pitching,23360087,NA,NA,NA,NA,NA,NA,NA,NA,NA,NA,NA,NA,NA,NA,NA,NA,NA,NA,NA,23.60597088,1629.583837,0.9163210036,NA
108,2025-08-29,12:17:30,"Pineau, Jack",1000124146,Right,CRE_BLU,NA,Sinker,Live,NA,92.35943,-1.259009555,-1.362103894,2105.109295,233.1633903,01:45:00,5.08867,1.24217,4.3616,-20.75205,13.81586,18.46983,2.15638,1.4802,84.40386,-5.043378098,2.018910716,0.4231632701,-9.80857,7.40319,-1.11408,50,4.93372,2.40511,-134.08116,-3.82737,-17.87366,28.71942,-18.68359,2d0c03b3-3190-48c7-9552-46d56e102352,a6d1eccd-f9a8-48e0-94a3-12c602c33a88,89.07304,Pitching,23360087,NA,NA,NA,NA,NA,NA,NA,NA,NA,NA,NA,NA,NA,NA,NA,NA,NA,NA,NA,33.24027581,1760.669628,0.8363791997,NA
109,2025-08-29,12:17:46,"Pineau, Jack",1000124146,Right,CRE_BLU,NA,Sinker,Live,NA,92.78329,-2.086938087,-2.15408634,2063.340836,230.4255661,01:45:00,5.06665,0.9365,4.4034,-19.61674,14.53906,17.59675,1.43802,0.34623,85.03378,-5.658847387,1.064171122,0.4206332717,-9.5662,7.98601,-0.72406,50,4.82561,4.317,-134.63051,-5.7421,-17.63173,28.0738,-17.45482,7d68d8bf-3413-458d-8172-da5edf339585,a6d1eccd-f9a8-48e0-94a3-12c602c33a88,89.60879,Pitching,23360087,NA,NA,NA,NA,NA,NA,NA,NA,NA,NA,NA,NA,NA,NA,NA,NA,NA,NA,193.163757,29.75404127,1791.317846,0.8681638125,12:30:00
110,2025-08-29,12:18:02,"Pineau, Jack",1000124146,Right,CRE_BLU,NA,Sinker,Live,NA,92.51067,-0.8532909911,-0.5872172495,2114.285147,211.1569546,01:00:00,5.11118,1.01402,4.5375,-14.96581,19.20818,11.62865,3.05161,1.42404,84.48064,-3.595116311,1.547432251,0.4207453282,-6.13499,10.10198,-0.96359,50,5.00866,0.89412,-134.39616,-2.62382,-11.24151,28.62565,-13.66361,0ca7390a-6c61-46fe-80fd-7fd7c14a7137,a6d1eccd-f9a8-48e0-94a3-12c602c33a88,89.58493,Pitching,23360087,NA,NA,NA,NA,NA,NA,NA,NA,NA,NA,NA,NA,NA,NA,NA,NA,NA,NA,211.3977473,31.7368307,1798.142752,0.8504731515,01:00:00
111,2025-08-29,12:18:37,"Pineau, Jack",1000124146,Right,CRE_BLU,NA,Cutter,Live,NA,88.23314,-0.3887042417,-1.379830605,2575.103517,182.9233026,12:00:00,5.05809,1.17275,4.44932,-30.53107,6.65893,0.34171,2.14308,-0.11472,81.98692,-5.921176552,-1.317690493,0.438919109,-0.49128,3.48647,-1.02736,50,4.98792,3.077,-128.32025,-2.11094,-0.83309,22.3134,-26.26181,5dc21ce0-e098-409e-bfa8-eb7466bbb973,a6d1eccd-f9a8-48e0-94a3-12c602c33a88,85.87559,Pitching,23360087,NA,NA,NA,NA,NA,NA,NA,NA,NA,NA,NA,NA,NA,NA,NA,NA,NA,NA,NA,NA,NA,NA,NA
112,2025-08-29,12:18:53,"Pineau, Jack",1000124146,Right,CRE_BLU,NA,Cutter,Live,NA,90.34824,-0.970797153,-1.605673519,2553.042804,201.0285651,12:45:00,5.02386,1.0654,4.58267,-26.72134,8.67306,3.34581,1.87321,-0.18349,83.70668,-5.830158638,-0.994967003,0.4281920826,-2.09757,4.67943,-0.90263,50,4.89913,3.54577,-131.35814,-3.31625,-3.71721,24.10917,-23.88141,258c3c01-6bc2-49f4-a0be-863c911a08f0,a6d1eccd-f9a8-48e0-94a3-12c602c33a88,88.02694,Pitching,23360087,NA,NA,NA,NA,NA,NA,NA,NA,NA,NA,NA,NA,NA,NA,NA,NA,NA,NA,216.4616802,62.77064584,1168.15377,0.4575535389,01:15:00
113,2025-08-29,12:19:13,"Pineau, Jack",1000124146,Right,CRE_BLU,NA,Cutter,Live,NA,86.79245,-0.4092446405,-1.444077527,NA,NA,NA,4.9936,1.0858,4.36821,-34.42426,3.99431,-2.64483,1.73398,-0.5139,81.06838,-6.618562759,-1.923276477,0.4461100807,1.02823,2.11936,-0.92866,50,4.91608,3.28987,-126.25313,-2.29642,1.69446,20.64637,-28.68145,f5152433-a414-43db-a911-b5306f7644c2,a6d1eccd-f9a8-48e0-94a3-12c602c33a88,84.49134,Pitching,23360087,NA,NA,NA,NA,NA,NA,NA,NA,NA,NA,NA,NA,NA,NA,NA,NA,NA,NA,NA,NA,NA,NA,NA
114,2025-08-29,12:19:34,"Pineau, Jack",1000124146,Right,CRE_BLU,NA,Curveball,Live,NA,78.08153,2.552305659,1.45193015,2692.945487,33.5534632,07:00:00,5.1835,0.96351,4.39159,-69.38101,-20.35938,-13.45668,1.8404,1.22832,71.1378,-10.1396366,-1.030892789,0.5039242467,7.36613,-11.25777,-1.10557,50,5.39018,-2.39311,-113.12462,2.59936,9.41942,23.17798,-46.56989,667c1d8b-3475-47c4-8cf4-4d2b0c00b1ae,a6d1eccd-f9a8-48e0-94a3-12c602c33a88,74.79783,Pitching,23360087,NA,NA,NA,NA,NA,NA,NA,NA,NA,NA,NA,NA,NA,NA,NA,NA,NA,NA,NA,15.96506719,2589.077425,0.9614295713,NA
115,2025-08-29,12:19:54,"Pineau, Jack",1000124146,Right,CRE_BLU,NA,Curveball,Live,NA,77.95209,2.827990403,-0.4150017564,2481.615722,29.13978526,07:00:00,5.12462,0.84856,4.35638,-70.36523,-21.02248,-11.68554,1.96425,-0.52162,70.90953,-10.04665863,-2.570777709,0.5055720549,5.85991,-11.69651,-0.79293,50,5.36092,1.23004,-112.91574,3.09607,7.44931,23.50731,-47.04305,8347127f-e5fb-4ee8-aab6-8b8a9998944c,a6d1eccd-f9a8-48e0-94a3-12c602c33a88,74.55404,Pitching,23360087,NA,NA,NA,NA,NA,NA,NA,NA,NA,NA,NA,NA,NA,NA,NA,NA,NA,NA,NA,12.83879183,2419.573176,0.9749991325,NA
116,2025-08-29,12:20:15,"Pineau, Jack",1000124146,Right,CRE_BLU,NA,Curveball,Live,NA,77.70205,2.105435109,-0.7456615087,2556.943599,33.91433069,07:15:00,5.14738,0.92439,3.94256,-71.30977,-20.63487,-13.84141,1.23218,-0.9467,70.48758,-10.85546127,-3.287148589,0.5123513008,6.75676,-11.1672,-0.82432,50,5.31245,1.9728,-112.46154,1.51191,8.47024,24.42007,-46.17319,03248ac0-d156-4615-9fca-780fba64fc6f,a6d1eccd-f9a8-48e0-94a3-12c602c33a88,73.56757,Pitching,23360087,NA,NA,NA,NA,NA,NA,NA,NA,NA,NA,NA,NA,NA,NA,NA,NA,NA,NA,NA,14.37179251,2476.925269,0.9687054771,NA
117,2025-08-29,12:20:46,"Pineau, Jack",1000124146,Right,CRE_BLU,NA,Fastball,Live,NA,94.69026,0.4725523534,-1.893572155,2318.565819,215.938984,01:15:00,5.17058,0.83947,4.6749,-11.37773,21.32466,15.48936,4.67142,0.33149,85.66924,-1.628578778,0.967354344,0.4115864873,-8.57143,10.8925,-0.66047,50,5.20869,3.90151,-137.44407,0.66224,-16.30094,32.11695,-11.45895,927cb14c-b416-4fd2-bec9-d3fbaa946db2,a6d1eccd-f9a8-48e0-94a3-12c602c33a88,91.57842,Pitching,23360087,NA,NA,NA,NA,NA,NA,NA,NA,NA,NA,NA,NA,NA,NA,NA,NA,NA,NA,NA,17.88628646,2206.50476,0.9516679413,NA
